--
-- PostgreSQL database dump
--

-- Dumped from database version 17.2
-- Dumped by pg_dump version 17.2

SET statement_timeout = 0;
SET lock_timeout = 0;
SET idle_in_transaction_session_timeout = 0;
SET transaction_timeout = 0;
SET client_encoding = 'UTF8';
SET standard_conforming_strings = on;
SELECT pg_catalog.set_config('search_path', '', false);
SET check_function_bodies = false;
SET xmloption = content;
SET client_min_messages = warning;
SET row_security = off;

SET default_tablespace = '';

SET default_table_access_method = heap;

--
-- Name: auth_group; Type: TABLE; Schema: public; Owner: moneygreeks
--

CREATE TABLE public.auth_group (
    id integer NOT NULL,
    name character varying(150) NOT NULL
);


ALTER TABLE public.auth_group OWNER TO moneygreeks;

--
-- Name: auth_group_id_seq; Type: SEQUENCE; Schema: public; Owner: moneygreeks
--

ALTER TABLE public.auth_group ALTER COLUMN id ADD GENERATED BY DEFAULT AS IDENTITY (
    SEQUENCE NAME public.auth_group_id_seq
    START WITH 1
    INCREMENT BY 1
    NO MINVALUE
    NO MAXVALUE
    CACHE 1
);


--
-- Name: auth_group_permissions; Type: TABLE; Schema: public; Owner: moneygreeks
--

CREATE TABLE public.auth_group_permissions (
    id bigint NOT NULL,
    group_id integer NOT NULL,
    permission_id integer NOT NULL
);


ALTER TABLE public.auth_group_permissions OWNER TO moneygreeks;

--
-- Name: auth_group_permissions_id_seq; Type: SEQUENCE; Schema: public; Owner: moneygreeks
--

ALTER TABLE public.auth_group_permissions ALTER COLUMN id ADD GENERATED BY DEFAULT AS IDENTITY (
    SEQUENCE NAME public.auth_group_permissions_id_seq
    START WITH 1
    INCREMENT BY 1
    NO MINVALUE
    NO MAXVALUE
    CACHE 1
);


--
-- Name: auth_permission; Type: TABLE; Schema: public; Owner: moneygreeks
--

CREATE TABLE public.auth_permission (
    id integer NOT NULL,
    name character varying(255) NOT NULL,
    content_type_id integer NOT NULL,
    codename character varying(100) NOT NULL
);


ALTER TABLE public.auth_permission OWNER TO moneygreeks;

--
-- Name: auth_permission_id_seq; Type: SEQUENCE; Schema: public; Owner: moneygreeks
--

ALTER TABLE public.auth_permission ALTER COLUMN id ADD GENERATED BY DEFAULT AS IDENTITY (
    SEQUENCE NAME public.auth_permission_id_seq
    START WITH 1
    INCREMENT BY 1
    NO MINVALUE
    NO MAXVALUE
    CACHE 1
);


--
-- Name: auth_user; Type: TABLE; Schema: public; Owner: moneygreeks
--

CREATE TABLE public.auth_user (
    id integer NOT NULL,
    password character varying(128) NOT NULL,
    last_login timestamp with time zone,
    is_superuser boolean NOT NULL,
    username character varying(150) NOT NULL,
    first_name character varying(150) NOT NULL,
    last_name character varying(150) NOT NULL,
    email character varying(254) NOT NULL,
    is_staff boolean NOT NULL,
    is_active boolean NOT NULL,
    date_joined timestamp with time zone NOT NULL
);


ALTER TABLE public.auth_user OWNER TO moneygreeks;

--
-- Name: auth_user_groups; Type: TABLE; Schema: public; Owner: moneygreeks
--

CREATE TABLE public.auth_user_groups (
    id bigint NOT NULL,
    user_id integer NOT NULL,
    group_id integer NOT NULL
);


ALTER TABLE public.auth_user_groups OWNER TO moneygreeks;

--
-- Name: auth_user_groups_id_seq; Type: SEQUENCE; Schema: public; Owner: moneygreeks
--

ALTER TABLE public.auth_user_groups ALTER COLUMN id ADD GENERATED BY DEFAULT AS IDENTITY (
    SEQUENCE NAME public.auth_user_groups_id_seq
    START WITH 1
    INCREMENT BY 1
    NO MINVALUE
    NO MAXVALUE
    CACHE 1
);


--
-- Name: auth_user_id_seq; Type: SEQUENCE; Schema: public; Owner: moneygreeks
--

ALTER TABLE public.auth_user ALTER COLUMN id ADD GENERATED BY DEFAULT AS IDENTITY (
    SEQUENCE NAME public.auth_user_id_seq
    START WITH 1
    INCREMENT BY 1
    NO MINVALUE
    NO MAXVALUE
    CACHE 1
);


--
-- Name: auth_user_user_permissions; Type: TABLE; Schema: public; Owner: moneygreeks
--

CREATE TABLE public.auth_user_user_permissions (
    id bigint NOT NULL,
    user_id integer NOT NULL,
    permission_id integer NOT NULL
);


ALTER TABLE public.auth_user_user_permissions OWNER TO moneygreeks;

--
-- Name: auth_user_user_permissions_id_seq; Type: SEQUENCE; Schema: public; Owner: moneygreeks
--

ALTER TABLE public.auth_user_user_permissions ALTER COLUMN id ADD GENERATED BY DEFAULT AS IDENTITY (
    SEQUENCE NAME public.auth_user_user_permissions_id_seq
    START WITH 1
    INCREMENT BY 1
    NO MINVALUE
    NO MAXVALUE
    CACHE 1
);


--
-- Name: django_admin_log; Type: TABLE; Schema: public; Owner: moneygreeks
--

CREATE TABLE public.django_admin_log (
    id integer NOT NULL,
    action_time timestamp with time zone NOT NULL,
    object_id text,
    object_repr character varying(200) NOT NULL,
    action_flag smallint NOT NULL,
    change_message text NOT NULL,
    content_type_id integer,
    user_id integer NOT NULL,
    CONSTRAINT django_admin_log_action_flag_check CHECK ((action_flag >= 0))
);


ALTER TABLE public.django_admin_log OWNER TO moneygreeks;

--
-- Name: django_admin_log_id_seq; Type: SEQUENCE; Schema: public; Owner: moneygreeks
--

ALTER TABLE public.django_admin_log ALTER COLUMN id ADD GENERATED BY DEFAULT AS IDENTITY (
    SEQUENCE NAME public.django_admin_log_id_seq
    START WITH 1
    INCREMENT BY 1
    NO MINVALUE
    NO MAXVALUE
    CACHE 1
);


--
-- Name: django_content_type; Type: TABLE; Schema: public; Owner: moneygreeks
--

CREATE TABLE public.django_content_type (
    id integer NOT NULL,
    app_label character varying(100) NOT NULL,
    model character varying(100) NOT NULL
);


ALTER TABLE public.django_content_type OWNER TO moneygreeks;

--
-- Name: django_content_type_id_seq; Type: SEQUENCE; Schema: public; Owner: moneygreeks
--

ALTER TABLE public.django_content_type ALTER COLUMN id ADD GENERATED BY DEFAULT AS IDENTITY (
    SEQUENCE NAME public.django_content_type_id_seq
    START WITH 1
    INCREMENT BY 1
    NO MINVALUE
    NO MAXVALUE
    CACHE 1
);


--
-- Name: django_migrations; Type: TABLE; Schema: public; Owner: moneygreeks
--

CREATE TABLE public.django_migrations (
    id bigint NOT NULL,
    app character varying(255) NOT NULL,
    name character varying(255) NOT NULL,
    applied timestamp with time zone NOT NULL
);


ALTER TABLE public.django_migrations OWNER TO moneygreeks;

--
-- Name: django_migrations_id_seq; Type: SEQUENCE; Schema: public; Owner: moneygreeks
--

ALTER TABLE public.django_migrations ALTER COLUMN id ADD GENERATED BY DEFAULT AS IDENTITY (
    SEQUENCE NAME public.django_migrations_id_seq
    START WITH 1
    INCREMENT BY 1
    NO MINVALUE
    NO MAXVALUE
    CACHE 1
);


--
-- Name: django_session; Type: TABLE; Schema: public; Owner: moneygreeks
--

CREATE TABLE public.django_session (
    session_key character varying(40) NOT NULL,
    session_data text NOT NULL,
    expire_date timestamp with time zone NOT NULL
);


ALTER TABLE public.django_session OWNER TO moneygreeks;

--
-- Name: posts_blogpost; Type: TABLE; Schema: public; Owner: moneygreeks
--

CREATE TABLE public.posts_blogpost (
    id bigint NOT NULL,
    title character varying(255) NOT NULL,
    subtitle text NOT NULL,
    slug character varying(255) NOT NULL,
    category character varying(50) NOT NULL,
    featured_image character varying(200),
    content jsonb NOT NULL,
    created_at date NOT NULL,
    author character varying(255) NOT NULL,
    author_designation character varying(255) NOT NULL,
    key_highlights jsonb NOT NULL,
    education_category_id bigint,
    news_placement character varying(50),
    view_count integer NOT NULL,
    CONSTRAINT posts_blogpost_view_count_check CHECK ((view_count >= 0))
);


ALTER TABLE public.posts_blogpost OWNER TO moneygreeks;

--
-- Name: posts_blogpost_id_seq; Type: SEQUENCE; Schema: public; Owner: moneygreeks
--

ALTER TABLE public.posts_blogpost ALTER COLUMN id ADD GENERATED BY DEFAULT AS IDENTITY (
    SEQUENCE NAME public.posts_blogpost_id_seq
    START WITH 1
    INCREMENT BY 1
    NO MINVALUE
    NO MAXVALUE
    CACHE 1
);


--
-- Name: posts_dailysentiment; Type: TABLE; Schema: public; Owner: moneygreeks
--

CREATE TABLE public.posts_dailysentiment (
    id bigint NOT NULL,
    date date NOT NULL,
    bullish_votes integer NOT NULL,
    bearish_votes integer NOT NULL,
    CONSTRAINT posts_dailysentiment_bearish_votes_check CHECK ((bearish_votes >= 0)),
    CONSTRAINT posts_dailysentiment_bullish_votes_check CHECK ((bullish_votes >= 0))
);


ALTER TABLE public.posts_dailysentiment OWNER TO moneygreeks;

--
-- Name: posts_dailysentiment_id_seq; Type: SEQUENCE; Schema: public; Owner: moneygreeks
--

ALTER TABLE public.posts_dailysentiment ALTER COLUMN id ADD GENERATED BY DEFAULT AS IDENTITY (
    SEQUENCE NAME public.posts_dailysentiment_id_seq
    START WITH 1
    INCREMENT BY 1
    NO MINVALUE
    NO MAXVALUE
    CACHE 1
);


--
-- Name: posts_educationcategory; Type: TABLE; Schema: public; Owner: moneygreeks
--

CREATE TABLE public.posts_educationcategory (
    id bigint NOT NULL,
    name character varying(100) NOT NULL,
    slug character varying(50) NOT NULL,
    description text NOT NULL,
    created_at timestamp with time zone NOT NULL
);


ALTER TABLE public.posts_educationcategory OWNER TO moneygreeks;

--
-- Name: posts_educationcategory_id_seq; Type: SEQUENCE; Schema: public; Owner: moneygreeks
--

ALTER TABLE public.posts_educationcategory ALTER COLUMN id ADD GENERATED BY DEFAULT AS IDENTITY (
    SEQUENCE NAME public.posts_educationcategory_id_seq
    START WITH 1
    INCREMENT BY 1
    NO MINVALUE
    NO MAXVALUE
    CACHE 1
);


--
-- Name: posts_enquiry; Type: TABLE; Schema: public; Owner: moneygreeks
--

CREATE TABLE public.posts_enquiry (
    id bigint NOT NULL,
    first_name character varying(100) NOT NULL,
    last_name character varying(100) NOT NULL,
    email character varying(254) NOT NULL,
    subject character varying(200) NOT NULL,
    message text NOT NULL,
    created_at timestamp with time zone NOT NULL,
    is_read boolean NOT NULL
);


ALTER TABLE public.posts_enquiry OWNER TO moneygreeks;

--
-- Name: posts_enquiry_id_seq; Type: SEQUENCE; Schema: public; Owner: moneygreeks
--

ALTER TABLE public.posts_enquiry ALTER COLUMN id ADD GENERATED BY DEFAULT AS IDENTITY (
    SEQUENCE NAME public.posts_enquiry_id_seq
    START WITH 1
    INCREMENT BY 1
    NO MINVALUE
    NO MAXVALUE
    CACHE 1
);


--
-- Name: posts_globalmarketanalysis; Type: TABLE; Schema: public; Owner: moneygreeks
--

CREATE TABLE public.posts_globalmarketanalysis (
    id bigint NOT NULL,
    analysis text NOT NULL,
    report_id bigint NOT NULL
);


ALTER TABLE public.posts_globalmarketanalysis OWNER TO moneygreeks;

--
-- Name: posts_globalmarketanalysis_id_seq; Type: SEQUENCE; Schema: public; Owner: moneygreeks
--

ALTER TABLE public.posts_globalmarketanalysis ALTER COLUMN id ADD GENERATED BY DEFAULT AS IDENTITY (
    SEQUENCE NAME public.posts_globalmarketanalysis_id_seq
    START WITH 1
    INCREMENT BY 1
    NO MINVALUE
    NO MAXVALUE
    CACHE 1
);


--
-- Name: posts_globalmarketindex; Type: TABLE; Schema: public; Owner: moneygreeks
--

CREATE TABLE public.posts_globalmarketindex (
    id bigint NOT NULL,
    index_name character varying(100) NOT NULL,
    prev_close numeric(10,2) NOT NULL,
    open_price numeric(10,2) NOT NULL,
    change numeric(10,4) NOT NULL,
    change_percent numeric(6,4) NOT NULL,
    trend character varying(10) NOT NULL,
    report_id bigint NOT NULL
);


ALTER TABLE public.posts_globalmarketindex OWNER TO moneygreeks;

--
-- Name: posts_globalmarketindex_id_seq; Type: SEQUENCE; Schema: public; Owner: moneygreeks
--

ALTER TABLE public.posts_globalmarketindex ALTER COLUMN id ADD GENERATED BY DEFAULT AS IDENTITY (
    SEQUENCE NAME public.posts_globalmarketindex_id_seq
    START WITH 1
    INCREMENT BY 1
    NO MINVALUE
    NO MAXVALUE
    CACHE 1
);


--
-- Name: posts_indianmarketanalysis; Type: TABLE; Schema: public; Owner: moneygreeks
--

CREATE TABLE public.posts_indianmarketanalysis (
    id bigint NOT NULL,
    analysis text NOT NULL,
    report_id bigint NOT NULL
);


ALTER TABLE public.posts_indianmarketanalysis OWNER TO moneygreeks;

--
-- Name: posts_indianmarketanalysis_id_seq; Type: SEQUENCE; Schema: public; Owner: moneygreeks
--

ALTER TABLE public.posts_indianmarketanalysis ALTER COLUMN id ADD GENERATED BY DEFAULT AS IDENTITY (
    SEQUENCE NAME public.posts_indianmarketanalysis_id_seq
    START WITH 1
    INCREMENT BY 1
    NO MINVALUE
    NO MAXVALUE
    CACHE 1
);


--
-- Name: posts_indianmarketindex; Type: TABLE; Schema: public; Owner: moneygreeks
--

CREATE TABLE public.posts_indianmarketindex (
    id bigint NOT NULL,
    index_name character varying(100) NOT NULL,
    prev_close numeric(10,2) NOT NULL,
    open_price numeric(10,2) NOT NULL,
    change numeric(10,2) NOT NULL,
    change_percent numeric(6,2) NOT NULL,
    trend character varying(10) NOT NULL,
    report_id bigint NOT NULL
);


ALTER TABLE public.posts_indianmarketindex OWNER TO moneygreeks;

--
-- Name: posts_indianmarketindex_id_seq; Type: SEQUENCE; Schema: public; Owner: moneygreeks
--

ALTER TABLE public.posts_indianmarketindex ALTER COLUMN id ADD GENERATED BY DEFAULT AS IDENTITY (
    SEQUENCE NAME public.posts_indianmarketindex_id_seq
    START WITH 1
    INCREMENT BY 1
    NO MINVALUE
    NO MAXVALUE
    CACHE 1
);


--
-- Name: posts_institutionalflow; Type: TABLE; Schema: public; Owner: moneygreeks
--

CREATE TABLE public.posts_institutionalflow (
    id bigint NOT NULL,
    institution_type character varying(10) NOT NULL,
    date date NOT NULL,
    buy_value numeric(12,2) NOT NULL,
    sell_value numeric(12,2) NOT NULL,
    net_value numeric(12,2) NOT NULL,
    trend character varying(10) NOT NULL,
    report_id bigint NOT NULL
);


ALTER TABLE public.posts_institutionalflow OWNER TO moneygreeks;

--
-- Name: posts_institutionalflow_id_seq; Type: SEQUENCE; Schema: public; Owner: moneygreeks
--

ALTER TABLE public.posts_institutionalflow ALTER COLUMN id ADD GENERATED BY DEFAULT AS IDENTITY (
    SEQUENCE NAME public.posts_institutionalflow_id_seq
    START WITH 1
    INCREMENT BY 1
    NO MINVALUE
    NO MAXVALUE
    CACHE 1
);


--
-- Name: posts_institutionalflowanalysis; Type: TABLE; Schema: public; Owner: moneygreeks
--

CREATE TABLE public.posts_institutionalflowanalysis (
    id bigint NOT NULL,
    analysis text NOT NULL,
    report_id bigint NOT NULL
);


ALTER TABLE public.posts_institutionalflowanalysis OWNER TO moneygreeks;

--
-- Name: posts_institutionalflowanalysis_id_seq; Type: SEQUENCE; Schema: public; Owner: moneygreeks
--

ALTER TABLE public.posts_institutionalflowanalysis ALTER COLUMN id ADD GENERATED BY DEFAULT AS IDENTITY (
    SEQUENCE NAME public.posts_institutionalflowanalysis_id_seq
    START WITH 1
    INCREMENT BY 1
    NO MINVALUE
    NO MAXVALUE
    CACHE 1
);


--
-- Name: posts_marketbreadth; Type: TABLE; Schema: public; Owner: moneygreeks
--

CREATE TABLE public.posts_marketbreadth (
    id bigint NOT NULL,
    advancing integer NOT NULL,
    declining integer NOT NULL,
    advance_decline_ratio numeric(5,2) NOT NULL,
    report_id bigint NOT NULL,
    CONSTRAINT posts_marketbreadth_advancing_check CHECK ((advancing >= 0)),
    CONSTRAINT posts_marketbreadth_declining_check CHECK ((declining >= 0))
);


ALTER TABLE public.posts_marketbreadth OWNER TO moneygreeks;

--
-- Name: posts_marketbreadth_id_seq; Type: SEQUENCE; Schema: public; Owner: moneygreeks
--

ALTER TABLE public.posts_marketbreadth ALTER COLUMN id ADD GENERATED BY DEFAULT AS IDENTITY (
    SEQUENCE NAME public.posts_marketbreadth_id_seq
    START WITH 1
    INCREMENT BY 1
    NO MINVALUE
    NO MAXVALUE
    CACHE 1
);


--
-- Name: posts_marketreport; Type: TABLE; Schema: public; Owner: moneygreeks
--

CREATE TABLE public.posts_marketreport (
    id bigint NOT NULL,
    title character varying(255) NOT NULL,
    slug character varying(50) NOT NULL,
    report_date date NOT NULL,
    overall_conclusion text NOT NULL,
    created_at timestamp with time zone NOT NULL,
    updated_at timestamp with time zone NOT NULL,
    image_url character varying(1000),
    status character varying(20) NOT NULL,
    raw_data jsonb,
    quality_score smallint NOT NULL,
    report_type character varying(20) NOT NULL,
    quality_notes jsonb,
    CONSTRAINT posts_marketreport_quality_score_check CHECK ((quality_score >= 0))
);


ALTER TABLE public.posts_marketreport OWNER TO moneygreeks;

--
-- Name: posts_marketreport_id_seq; Type: SEQUENCE; Schema: public; Owner: moneygreeks
--

ALTER TABLE public.posts_marketreport ALTER COLUMN id ADD GENERATED BY DEFAULT AS IDENTITY (
    SEQUENCE NAME public.posts_marketreport_id_seq
    START WITH 1
    INCREMENT BY 1
    NO MINVALUE
    NO MAXVALUE
    CACHE 1
);


--
-- Name: posts_newslettersubscriber; Type: TABLE; Schema: public; Owner: moneygreeks
--

CREATE TABLE public.posts_newslettersubscriber (
    id bigint NOT NULL,
    email character varying(254) NOT NULL,
    subscribed_at timestamp with time zone NOT NULL
);


ALTER TABLE public.posts_newslettersubscriber OWNER TO moneygreeks;

--
-- Name: posts_newslettersubscriber_id_seq; Type: SEQUENCE; Schema: public; Owner: moneygreeks
--

ALTER TABLE public.posts_newslettersubscriber ALTER COLUMN id ADD GENERATED BY DEFAULT AS IDENTITY (
    SEQUENCE NAME public.posts_newslettersubscriber_id_seq
    START WITH 1
    INCREMENT BY 1
    NO MINVALUE
    NO MAXVALUE
    CACHE 1
);


--
-- Name: posts_optionchainsummary; Type: TABLE; Schema: public; Owner: moneygreeks
--

CREATE TABLE public.posts_optionchainsummary (
    id bigint NOT NULL,
    symbol character varying(20) NOT NULL,
    expiry character varying(20) NOT NULL,
    pcr numeric(6,2),
    max_call_oi_strike numeric(10,2),
    max_call_oi integer NOT NULL,
    max_put_oi_strike numeric(10,2),
    max_put_oi integer NOT NULL,
    underlying_value numeric(10,2),
    analysis text NOT NULL,
    report_id bigint NOT NULL,
    CONSTRAINT posts_optionchainsummary_max_call_oi_check CHECK ((max_call_oi >= 0)),
    CONSTRAINT posts_optionchainsummary_max_put_oi_check CHECK ((max_put_oi >= 0))
);


ALTER TABLE public.posts_optionchainsummary OWNER TO moneygreeks;

--
-- Name: posts_optionchainsummary_id_seq; Type: SEQUENCE; Schema: public; Owner: moneygreeks
--

ALTER TABLE public.posts_optionchainsummary ALTER COLUMN id ADD GENERATED BY DEFAULT AS IDENTITY (
    SEQUENCE NAME public.posts_optionchainsummary_id_seq
    START WITH 1
    INCREMENT BY 1
    NO MINVALUE
    NO MAXVALUE
    CACHE 1
);


--
-- Name: posts_postmarketreport; Type: TABLE; Schema: public; Owner: moneygreeks
--

CREATE TABLE public.posts_postmarketreport (
    id bigint NOT NULL,
    title character varying(255) NOT NULL,
    slug character varying(50) NOT NULL,
    report_date date NOT NULL,
    analyst character varying(100) NOT NULL,
    analyst_designation character varying(200) NOT NULL,
    overall_conclusion text NOT NULL,
    report_data jsonb NOT NULL,
    is_published boolean NOT NULL,
    created_at timestamp with time zone NOT NULL,
    updated_at timestamp with time zone NOT NULL
);


ALTER TABLE public.posts_postmarketreport OWNER TO moneygreeks;

--
-- Name: posts_postmarketreport_id_seq; Type: SEQUENCE; Schema: public; Owner: moneygreeks
--

ALTER TABLE public.posts_postmarketreport ALTER COLUMN id ADD GENERATED BY DEFAULT AS IDENTITY (
    SEQUENCE NAME public.posts_postmarketreport_id_seq
    START WITH 1
    INCREMENT BY 1
    NO MINVALUE
    NO MAXVALUE
    CACHE 1
);


--
-- Name: posts_sectoranalysis; Type: TABLE; Schema: public; Owner: moneygreeks
--

CREATE TABLE public.posts_sectoranalysis (
    id bigint NOT NULL,
    analysis text NOT NULL,
    report_id bigint NOT NULL
);


ALTER TABLE public.posts_sectoranalysis OWNER TO moneygreeks;

--
-- Name: posts_sectoranalysis_id_seq; Type: SEQUENCE; Schema: public; Owner: moneygreeks
--

ALTER TABLE public.posts_sectoranalysis ALTER COLUMN id ADD GENERATED BY DEFAULT AS IDENTITY (
    SEQUENCE NAME public.posts_sectoranalysis_id_seq
    START WITH 1
    INCREMENT BY 1
    NO MINVALUE
    NO MAXVALUE
    CACHE 1
);


--
-- Name: posts_sectorperformance; Type: TABLE; Schema: public; Owner: moneygreeks
--

CREATE TABLE public.posts_sectorperformance (
    id bigint NOT NULL,
    category character varying(10) NOT NULL,
    sector_name character varying(100) NOT NULL,
    prev_close numeric(10,2) NOT NULL,
    change numeric(10,2) NOT NULL,
    change_percent numeric(6,2) NOT NULL,
    pe numeric(6,2) NOT NULL,
    pb numeric(6,2) NOT NULL,
    div_yield numeric(10,2) NOT NULL,
    report_id bigint NOT NULL
);


ALTER TABLE public.posts_sectorperformance OWNER TO moneygreeks;

--
-- Name: posts_sectorperformance_id_seq; Type: SEQUENCE; Schema: public; Owner: moneygreeks
--

ALTER TABLE public.posts_sectorperformance ALTER COLUMN id ADD GENERATED BY DEFAULT AS IDENTITY (
    SEQUENCE NAME public.posts_sectorperformance_id_seq
    START WITH 1
    INCREMENT BY 1
    NO MINVALUE
    NO MAXVALUE
    CACHE 1
);


--
-- Name: posts_stockmover; Type: TABLE; Schema: public; Owner: moneygreeks
--

CREATE TABLE public.posts_stockmover (
    id bigint NOT NULL,
    category character varying(10) NOT NULL,
    symbol character varying(20) NOT NULL,
    prev_close numeric(10,2) NOT NULL,
    open_price numeric(10,2) NOT NULL,
    change_percent numeric(6,2) NOT NULL,
    volume character varying(50) NOT NULL,
    report_id bigint NOT NULL
);


ALTER TABLE public.posts_stockmover OWNER TO moneygreeks;

--
-- Name: posts_stockmover_id_seq; Type: SEQUENCE; Schema: public; Owner: moneygreeks
--

ALTER TABLE public.posts_stockmover ALTER COLUMN id ADD GENERATED BY DEFAULT AS IDENTITY (
    SEQUENCE NAME public.posts_stockmover_id_seq
    START WITH 1
    INCREMENT BY 1
    NO MINVALUE
    NO MAXVALUE
    CACHE 1
);


--
-- Name: posts_stockmoveranalysis; Type: TABLE; Schema: public; Owner: moneygreeks
--

CREATE TABLE public.posts_stockmoveranalysis (
    id bigint NOT NULL,
    analysis text NOT NULL,
    report_id bigint NOT NULL
);


ALTER TABLE public.posts_stockmoveranalysis OWNER TO moneygreeks;

--
-- Name: posts_stockmoveranalysis_id_seq; Type: SEQUENCE; Schema: public; Owner: moneygreeks
--

ALTER TABLE public.posts_stockmoveranalysis ALTER COLUMN id ADD GENERATED BY DEFAULT AS IDENTITY (
    SEQUENCE NAME public.posts_stockmoveranalysis_id_seq
    START WITH 1
    INCREMENT BY 1
    NO MINVALUE
    NO MAXVALUE
    CACHE 1
);


--
-- Data for Name: auth_group; Type: TABLE DATA; Schema: public; Owner: moneygreeks
--

COPY public.auth_group (id, name) FROM stdin;
\.


--
-- Data for Name: auth_group_permissions; Type: TABLE DATA; Schema: public; Owner: moneygreeks
--

COPY public.auth_group_permissions (id, group_id, permission_id) FROM stdin;
\.


--
-- Data for Name: auth_permission; Type: TABLE DATA; Schema: public; Owner: moneygreeks
--

COPY public.auth_permission (id, name, content_type_id, codename) FROM stdin;
1	Can add log entry	1	add_logentry
2	Can change log entry	1	change_logentry
3	Can delete log entry	1	delete_logentry
4	Can view log entry	1	view_logentry
5	Can add permission	3	add_permission
6	Can change permission	3	change_permission
7	Can delete permission	3	delete_permission
8	Can view permission	3	view_permission
9	Can add group	2	add_group
10	Can change group	2	change_group
11	Can delete group	2	delete_group
12	Can view group	2	view_group
13	Can add user	4	add_user
14	Can change user	4	change_user
15	Can delete user	4	delete_user
16	Can view user	4	view_user
17	Can add content type	5	add_contenttype
18	Can change content type	5	change_contenttype
19	Can delete content type	5	delete_contenttype
20	Can view content type	5	view_contenttype
21	Can add session	6	add_session
22	Can change session	6	change_session
23	Can delete session	6	delete_session
24	Can view session	6	view_session
25	Can add market report	14	add_marketreport
26	Can change market report	14	change_marketreport
27	Can delete market report	14	delete_marketreport
28	Can view market report	14	view_marketreport
29	Can add market breadth	13	add_marketbreadth
30	Can change market breadth	13	change_marketbreadth
31	Can delete market breadth	13	delete_marketbreadth
32	Can view market breadth	13	view_marketbreadth
33	Can add institutional flow analysis	12	add_institutionalflowanalysis
34	Can change institutional flow analysis	12	change_institutionalflowanalysis
35	Can delete institutional flow analysis	12	delete_institutionalflowanalysis
36	Can view institutional flow analysis	12	view_institutionalflowanalysis
37	Can add institutional flow	11	add_institutionalflow
38	Can change institutional flow	11	change_institutionalflow
39	Can delete institutional flow	11	delete_institutionalflow
40	Can view institutional flow	11	view_institutionalflow
41	Can add indian market index	10	add_indianmarketindex
42	Can change indian market index	10	change_indianmarketindex
43	Can delete indian market index	10	delete_indianmarketindex
44	Can view indian market index	10	view_indianmarketindex
45	Can add indian market analysis	9	add_indianmarketanalysis
46	Can change indian market analysis	9	change_indianmarketanalysis
47	Can delete indian market analysis	9	delete_indianmarketanalysis
48	Can view indian market analysis	9	view_indianmarketanalysis
49	Can add global market index	8	add_globalmarketindex
50	Can change global market index	8	change_globalmarketindex
51	Can delete global market index	8	delete_globalmarketindex
52	Can view global market index	8	view_globalmarketindex
53	Can add global market analysis	7	add_globalmarketanalysis
54	Can change global market analysis	7	change_globalmarketanalysis
55	Can delete global market analysis	7	delete_globalmarketanalysis
56	Can view global market analysis	7	view_globalmarketanalysis
57	Can add sector analysis	15	add_sectoranalysis
58	Can change sector analysis	15	change_sectoranalysis
59	Can delete sector analysis	15	delete_sectoranalysis
60	Can view sector analysis	15	view_sectoranalysis
61	Can add sector performance	16	add_sectorperformance
62	Can change sector performance	16	change_sectorperformance
63	Can delete sector performance	16	delete_sectorperformance
64	Can view sector performance	16	view_sectorperformance
65	Can add stock mover	17	add_stockmover
66	Can change stock mover	17	change_stockmover
67	Can delete stock mover	17	delete_stockmover
68	Can view stock mover	17	view_stockmover
69	Can add stock mover analysis	18	add_stockmoveranalysis
70	Can change stock mover analysis	18	change_stockmoveranalysis
71	Can delete stock mover analysis	18	delete_stockmoveranalysis
72	Can view stock mover analysis	18	view_stockmoveranalysis
73	Can add blog post	19	add_blogpost
74	Can change blog post	19	change_blogpost
75	Can delete blog post	19	delete_blogpost
76	Can view blog post	19	view_blogpost
77	Can add Newsletter Subscriber	20	add_newslettersubscriber
78	Can change Newsletter Subscriber	20	change_newslettersubscriber
79	Can delete Newsletter Subscriber	20	delete_newslettersubscriber
80	Can view Newsletter Subscriber	20	view_newslettersubscriber
81	Can add option chain summary	21	add_optionchainsummary
82	Can change option chain summary	21	change_optionchainsummary
83	Can delete option chain summary	21	delete_optionchainsummary
84	Can view option chain summary	21	view_optionchainsummary
85	Can add education category	22	add_educationcategory
86	Can change education category	22	change_educationcategory
87	Can delete education category	22	delete_educationcategory
88	Can view education category	22	view_educationcategory
89	Can add daily sentiment	23	add_dailysentiment
90	Can change daily sentiment	23	change_dailysentiment
91	Can delete daily sentiment	23	delete_dailysentiment
92	Can view daily sentiment	23	view_dailysentiment
93	Can add Enquiry	24	add_enquiry
94	Can change Enquiry	24	change_enquiry
95	Can delete Enquiry	24	delete_enquiry
96	Can view Enquiry	24	view_enquiry
97	Can add Post-Market Report	25	add_postmarketreport
98	Can change Post-Market Report	25	change_postmarketreport
99	Can delete Post-Market Report	25	delete_postmarketreport
100	Can view Post-Market Report	25	view_postmarketreport
\.


--
-- Data for Name: auth_user; Type: TABLE DATA; Schema: public; Owner: moneygreeks
--

COPY public.auth_user (id, password, last_login, is_superuser, username, first_name, last_name, email, is_staff, is_active, date_joined) FROM stdin;
1	pbkdf2_sha256$1200000$uK6FimWdf4eU7vHflzMSSM$uhRdNQ+7lWAVmxKXSduCIZd10SdXJEwoRHugmEVfxqI=	2026-02-13 07:52:38.216646+05:30	t	josecs			Josecschalil@gmail.com	t	t	2026-01-13 02:50:55.801476+05:30
\.


--
-- Data for Name: auth_user_groups; Type: TABLE DATA; Schema: public; Owner: moneygreeks
--

COPY public.auth_user_groups (id, user_id, group_id) FROM stdin;
\.


--
-- Data for Name: auth_user_user_permissions; Type: TABLE DATA; Schema: public; Owner: moneygreeks
--

COPY public.auth_user_user_permissions (id, user_id, permission_id) FROM stdin;
\.


--
-- Data for Name: django_admin_log; Type: TABLE DATA; Schema: public; Owner: moneygreeks
--

COPY public.django_admin_log (id, action_time, object_id, object_repr, action_flag, change_message, content_type_id, user_id) FROM stdin;
1	2026-02-13 08:17:14.44542+05:30	4	The Future of Modern Web Development1	2	[{"changed": {"fields": ["Content"]}}]	19	1
2	2026-02-13 08:17:50.546652+05:30	1	The Future of Modern Web Development	2	[{"changed": {"fields": ["Content"]}}]	19	1
3	2026-02-13 08:19:08.337679+05:30	1	The Future of Modern Web Development	2	[{"changed": {"fields": ["Content"]}}]	19	1
\.


--
-- Data for Name: django_content_type; Type: TABLE DATA; Schema: public; Owner: moneygreeks
--

COPY public.django_content_type (id, app_label, model) FROM stdin;
1	admin	logentry
2	auth	group
3	auth	permission
4	auth	user
5	contenttypes	contenttype
6	sessions	session
7	posts	globalmarketanalysis
8	posts	globalmarketindex
9	posts	indianmarketanalysis
10	posts	indianmarketindex
11	posts	institutionalflow
12	posts	institutionalflowanalysis
13	posts	marketbreadth
14	posts	marketreport
15	posts	sectoranalysis
16	posts	sectorperformance
17	posts	stockmover
18	posts	stockmoveranalysis
19	posts	blogpost
20	posts	newslettersubscriber
21	posts	optionchainsummary
22	posts	educationcategory
23	posts	dailysentiment
24	posts	enquiry
25	posts	postmarketreport
\.


--
-- Data for Name: django_migrations; Type: TABLE DATA; Schema: public; Owner: moneygreeks
--

COPY public.django_migrations (id, app, name, applied) FROM stdin;
1	contenttypes	0001_initial	2026-01-11 09:07:19.724968+05:30
2	auth	0001_initial	2026-01-11 09:07:19.791777+05:30
3	admin	0001_initial	2026-01-11 09:07:19.812936+05:30
4	admin	0002_logentry_remove_auto_add	2026-01-11 09:07:19.818941+05:30
5	admin	0003_logentry_add_action_flag_choices	2026-01-11 09:07:19.824945+05:30
6	contenttypes	0002_remove_content_type_name	2026-01-11 09:07:19.839109+05:30
7	auth	0002_alter_permission_name_max_length	2026-01-11 09:07:19.847707+05:30
8	auth	0003_alter_user_email_max_length	2026-01-11 09:07:19.853932+05:30
9	auth	0004_alter_user_username_opts	2026-01-11 09:07:19.859493+05:30
10	auth	0005_alter_user_last_login_null	2026-01-11 09:07:19.866481+05:30
11	auth	0006_require_contenttypes_0002	2026-01-11 09:07:19.867482+05:30
12	auth	0007_alter_validators_add_error_messages	2026-01-11 09:07:19.872493+05:30
13	auth	0008_alter_user_username_max_length	2026-01-11 09:07:19.882481+05:30
14	auth	0009_alter_user_last_name_max_length	2026-01-11 09:07:19.889264+05:30
15	auth	0010_alter_group_name_max_length	2026-01-11 09:07:19.896847+05:30
16	auth	0011_update_proxy_permissions	2026-01-11 09:07:19.902751+05:30
17	auth	0012_alter_user_first_name_max_length	2026-01-11 09:07:19.910753+05:30
18	posts	0001_initial	2026-01-11 09:07:20.039012+05:30
19	sessions	0001_initial	2026-01-11 09:07:20.049043+05:30
20	posts	0002_marketreport_image_url	2026-01-12 04:41:47.014704+05:30
21	posts	0003_blogpost	2026-01-12 05:45:59.095813+05:30
22	posts	0004_newslettersubscriber	2026-01-13 02:40:23.491581+05:30
23	posts	0005_marketreport_status_raw_data	2026-06-04 05:04:12.320358+05:30
24	posts	0006_marketreport_quality	2026-06-04 06:50:03.823256+05:30
25	posts	0007_optionchainsummary	2026-06-04 07:24:27.170086+05:30
26	posts	0008_blogpost_author_blogpost_author_designation_and_more	2026-06-12 16:55:48.907446+05:30
27	posts	0009_alter_blogpost_category_and_more	2026-06-12 17:19:16.452689+05:30
28	posts	0010_educationcategory_blogpost_education_category	2026-06-12 19:56:12.598131+05:30
29	posts	0011_blogpost_news_placement	2026-06-12 20:23:47.38331+05:30
30	posts	0012_blogpost_view_count	2026-06-12 20:36:39.690245+05:30
31	posts	0013_dailysentiment	2026-06-12 20:54:56.492904+05:30
32	posts	0014_enquiry	2026-06-12 23:52:12.811173+05:30
33	posts	0015_postmarketreport_alter_newslettersubscriber_email	2026-06-13 09:56:25.022461+05:30
\.


--
-- Data for Name: django_session; Type: TABLE DATA; Schema: public; Owner: moneygreeks
--

COPY public.django_session (session_key, session_data, expire_date) FROM stdin;
8brt9rj39stjs3s64g6g6iwfgcla6a8e	.eJxVjEEOwiAQRe_C2pAWnIG6dO8ZyACDVA0kpV0Z766YLnT733v_KRxta3Zb48XNUZzEKA6_m6dw59JBvFG5VhlqWZfZy67InTZ5qZEf5939O8jU8qcOigBYGVIRdGSPRw0mTWA1qsQDau09ehy6FSJYO7JRSN9qYkri9QbgKDgH:1vfPLi:IRhdlG4Y1jc0SENviCrWx7r0lQTkRr34-hNZUfRaO6w	2026-01-27 02:51:18.227162+05:30
g7clheswq6269m5kbdyb58jwmpt47gmw	.eJxVjEEOwiAQRe_C2pAWnIG6dO8ZyACDVA0kpV0Z766YLnT733v_KRxta3Zb48XNUZzEKA6_m6dw59JBvFG5VhlqWZfZy67InTZ5qZEf5939O8jU8qcOigBYGVIRdGSPRw0mTWA1qsQDau09ehy6FSJYO7JRSN9qYkri9QbgKDgH:1vqipK:7uXjP43tsFYfDachmOPS4oHnAFd70z5EsNkcTF0XTKE	2026-02-27 07:52:38.23032+05:30
\.


--
-- Data for Name: posts_blogpost; Type: TABLE DATA; Schema: public; Owner: moneygreeks
--

COPY public.posts_blogpost (id, title, subtitle, slug, category, featured_image, content, created_at, author, author_designation, key_highlights, education_category_id, news_placement, view_count) FROM stdin;
9	Test News Post 3: Market Update and Analysis	This is a generated subtitle for the test news post number 3. It provides a brief overview of the content.	test-news-post-3-market-update	news	https://images.unsplash.com/photo-1526304640581-d334cdbbf45e?w=800&q=80	[{"text": "This is the introductory paragraph for news post 3. It contains some generated text to simulate a real article. The market has shown interesting trends recently.", "type": "paragraph"}, {"text": "Detailed Analysis", "type": "h1"}, {"text": "Here is a deeper dive into the numbers and data. As we can see from the charts, the moving averages have crossed, indicating a potential shift in momentum.", "type": "paragraph"}, {"url": "https://images.unsplash.com/photo-1611974789855-9c2a0a7236a3?w=800&q=80", "type": "image", "caption": "Figure 1: Market Trends Overview"}, {"text": "In conclusion, investors should remain cautious but optimistic. Proper risk management remains the key to long-term success.", "type": "paragraph"}]	2026-06-12	Jose C S	Founder & CEO	["Highlight 1 for news post 3", "Highlight 2 showing key data points", "Highlight 3 summarizing the conclusion"]	\N	quick_hit	1
10	Test News Post 4: Market Update and Analysis	This is a generated subtitle for the test news post number 4. It provides a brief overview of the content.	test-news-post-4-market-update	news	https://images.unsplash.com/photo-1526304640581-d334cdbbf45e?w=800&q=80	[{"text": "This is the introductory paragraph for news post 4. It contains some generated text to simulate a real article. The market has shown interesting trends recently.", "type": "paragraph"}, {"text": "Detailed Analysis", "type": "h1"}, {"text": "Here is a deeper dive into the numbers and data. As we can see from the charts, the moving averages have crossed, indicating a potential shift in momentum.", "type": "paragraph"}, {"url": "https://images.unsplash.com/photo-1526304640581-d334cdbbf45e?w=800&q=80", "type": "image", "caption": "Figure 1: Market Trends Overview"}, {"text": "In conclusion, investors should remain cautious but optimistic. Proper risk management remains the key to long-term success.", "type": "paragraph"}]	2026-06-12	Jose C S	Founder & CEO	["Highlight 1 for news post 4", "Highlight 2 showing key data points", "Highlight 3 summarizing the conclusion"]	\N	deep_dive	0
7	Test News Post 1: Market Update and Analysis	This is a generated subtitle for the test news post number 1. It provides a brief overview of the content.	test-news-post-1-market-update	news	https://images.unsplash.com/photo-1611974789855-9c2a0a7236a3?w=800&q=80	[{"text": "This is the introductory paragraph for news post 1. It contains some generated text to simulate a real article. The market has shown interesting trends recently.", "type": "paragraph"}, {"text": "Detailed Analysis", "type": "h1"}, {"text": "Here is a deeper dive into the numbers and data. As we can see from the charts, the moving averages have crossed, indicating a potential shift in momentum.", "type": "paragraph"}, {"url": "https://images.unsplash.com/photo-1526304640581-d334cdbbf45e?w=800&q=80", "type": "image", "caption": "Figure 1: Market Trends Overview"}, {"text": "In conclusion, investors should remain cautious but optimistic. Proper risk management remains the key to long-term success.", "type": "paragraph"}]	2026-06-12	Bob Johnson	Market Researcher	["Highlight 1 for news post 1", "Highlight 2 showing key data points", "Highlight 3 summarizing the conclusion"]	\N	live_feed	1
8	Test News Post 2: Market Update and Analysis	This is a generated subtitle for the test news post number 2. It provides a brief overview of the content.	test-news-post-2-market-update	news	https://images.unsplash.com/photo-1590283603385-17ffb3a7f29f?w=800&q=80	[{"text": "This is the introductory paragraph for news post 2. It contains some generated text to simulate a real article. The market has shown interesting trends recently.", "type": "paragraph"}, {"text": "Detailed Analysis", "type": "h1"}, {"text": "Here is a deeper dive into the numbers and data. As we can see from the charts, the moving averages have crossed, indicating a potential shift in momentum.", "type": "paragraph"}, {"url": "https://images.unsplash.com/photo-1590283603385-17ffb3a7f29f?w=800&q=80", "type": "image", "caption": "Figure 1: Market Trends Overview"}, {"text": "In conclusion, investors should remain cautious but optimistic. Proper risk management remains the key to long-term success.", "type": "paragraph"}]	2026-06-12	Sarah Jenkins	Tech Reporter	["Highlight 1 for news post 2", "Highlight 2 showing key data points", "Highlight 3 summarizing the conclusion"]	\N	quick_hit	1
13	Test News Post 7: Market Update and Analysis	This is a generated subtitle for the test news post number 7. It provides a brief overview of the content.	test-news-post-7-market-update	news	https://images.unsplash.com/photo-1611162617474-5b21e879e113?w=800&q=80	[{"text": "This is the introductory paragraph for news post 7. It contains some generated text to simulate a real article. The market has shown interesting trends recently.", "type": "paragraph"}, {"text": "Detailed Analysis", "type": "h1"}, {"text": "Here is a deeper dive into the numbers and data. As we can see from the charts, the moving averages have crossed, indicating a potential shift in momentum.", "type": "paragraph"}, {"url": "https://images.unsplash.com/photo-1611162617474-5b21e879e113?w=800&q=80", "type": "image", "caption": "Figure 1: Market Trends Overview"}, {"text": "In conclusion, investors should remain cautious but optimistic. Proper risk management remains the key to long-term success.", "type": "paragraph"}]	2026-06-12	Sarah Jenkins	Tech Reporter	["Highlight 1 for news post 7", "Highlight 2 showing key data points", "Highlight 3 summarizing the conclusion"]	\N	deep_dive	0
14	Test News Post 8: Market Update and Analysis	This is a generated subtitle for the test news post number 8. It provides a brief overview of the content.	test-news-post-8-market-update	news	https://images.unsplash.com/photo-1611974789855-9c2a0a7236a3?w=800&q=80	[{"text": "This is the introductory paragraph for news post 8. It contains some generated text to simulate a real article. The market has shown interesting trends recently.", "type": "paragraph"}, {"text": "Detailed Analysis", "type": "h1"}, {"text": "Here is a deeper dive into the numbers and data. As we can see from the charts, the moving averages have crossed, indicating a potential shift in momentum.", "type": "paragraph"}, {"url": "https://images.unsplash.com/photo-1526304640581-d334cdbbf45e?w=800&q=80", "type": "image", "caption": "Figure 1: Market Trends Overview"}, {"text": "In conclusion, investors should remain cautious but optimistic. Proper risk management remains the key to long-term success.", "type": "paragraph"}]	2026-06-12	Jose C S	Founder & CEO	["Highlight 1 for news post 8", "Highlight 2 showing key data points", "Highlight 3 summarizing the conclusion"]	\N	deep_dive	0
15	Test News Post 9: Market Update and Analysis	This is a generated subtitle for the test news post number 9. It provides a brief overview of the content.	test-news-post-9-market-update	news	https://images.unsplash.com/photo-1611974789855-9c2a0a7236a3?w=800&q=80	[{"text": "This is the introductory paragraph for news post 9. It contains some generated text to simulate a real article. The market has shown interesting trends recently.", "type": "paragraph"}, {"text": "Detailed Analysis", "type": "h1"}, {"text": "Here is a deeper dive into the numbers and data. As we can see from the charts, the moving averages have crossed, indicating a potential shift in momentum.", "type": "paragraph"}, {"url": "https://images.unsplash.com/photo-1611974789855-9c2a0a7236a3?w=800&q=80", "type": "image", "caption": "Figure 1: Market Trends Overview"}, {"text": "In conclusion, investors should remain cautious but optimistic. Proper risk management remains the key to long-term success.", "type": "paragraph"}]	2026-06-12	Bob Johnson	Market Researcher	["Highlight 1 for news post 9", "Highlight 2 showing key data points", "Highlight 3 summarizing the conclusion"]	\N	deep_dive	0
12	Test News Post 6: Market Update and Analysis	This is a generated subtitle for the test news post number 6. It provides a brief overview of the content.	test-news-post-6-market-update	news	https://images.unsplash.com/photo-1526304640581-d334cdbbf45e?w=800&q=80	[{"text": "This is the introductory paragraph for news post 6. It contains some generated text to simulate a real article. The market has shown interesting trends recently.", "type": "paragraph"}, {"text": "Detailed Analysis", "type": "h1"}, {"text": "Here is a deeper dive into the numbers and data. As we can see from the charts, the moving averages have crossed, indicating a potential shift in momentum.", "type": "paragraph"}, {"url": "https://images.unsplash.com/photo-1526304640581-d334cdbbf45e?w=800&q=80", "type": "image", "caption": "Figure 1: Market Trends Overview"}, {"text": "In conclusion, investors should remain cautious but optimistic. Proper risk management remains the key to long-term success.", "type": "paragraph"}]	2026-06-12	Sarah Jenkins	Tech Reporter	["Highlight 1 for news post 6", "Highlight 2 showing key data points", "Highlight 3 summarizing the conclusion"]	\N	hero	3
16	Test News Post 10: Market Update and Analysis	This is a generated subtitle for the test news post number 10. It provides a brief overview of the content.	test-news-post-10-market-update	news	https://images.unsplash.com/photo-1526304640581-d334cdbbf45e?w=800&q=80	[{"text": "This is the introductory paragraph for news post 10. It contains some generated text to simulate a real article. The market has shown interesting trends recently.", "type": "paragraph"}, {"text": "Detailed Analysis", "type": "h1"}, {"text": "Here is a deeper dive into the numbers and data. As we can see from the charts, the moving averages have crossed, indicating a potential shift in momentum.", "type": "paragraph"}, {"url": "https://images.unsplash.com/photo-1526304640581-d334cdbbf45e?w=800&q=80", "type": "image", "caption": "Figure 1: Market Trends Overview"}, {"text": "In conclusion, investors should remain cautious but optimistic. Proper risk management remains the key to long-term success.", "type": "paragraph"}]	2026-06-12	Bob Johnson	Market Researcher	["Highlight 1 for news post 10", "Highlight 2 showing key data points", "Highlight 3 summarizing the conclusion"]	\N	live_feed	1
18	Test News Post 12: Market Update and Analysis	This is a generated subtitle for the test news post number 12. It provides a brief overview of the content.	test-news-post-12-market-update	news	https://images.unsplash.com/photo-1526304640581-d334cdbbf45e?w=800&q=80	[{"text": "This is the introductory paragraph for news post 12. It contains some generated text to simulate a real article. The market has shown interesting trends recently.", "type": "paragraph"}, {"text": "Detailed Analysis", "type": "h1"}, {"text": "Here is a deeper dive into the numbers and data. As we can see from the charts, the moving averages have crossed, indicating a potential shift in momentum.", "type": "paragraph"}, {"url": "https://images.unsplash.com/photo-1611974789855-9c2a0a7236a3?w=800&q=80", "type": "image", "caption": "Figure 1: Market Trends Overview"}, {"text": "In conclusion, investors should remain cautious but optimistic. Proper risk management remains the key to long-term success.", "type": "paragraph"}]	2026-06-12	Jose C S	Founder & CEO	["Highlight 1 for news post 12", "Highlight 2 showing key data points", "Highlight 3 summarizing the conclusion"]	\N	live_feed	0
19	Test News Post 13: Market Update and Analysis	This is a generated subtitle for the test news post number 13. It provides a brief overview of the content.	test-news-post-13-market-update	news	https://images.unsplash.com/photo-1590283603385-17ffb3a7f29f?w=800&q=80	[{"text": "This is the introductory paragraph for news post 13. It contains some generated text to simulate a real article. The market has shown interesting trends recently.", "type": "paragraph"}, {"text": "Detailed Analysis", "type": "h1"}, {"text": "Here is a deeper dive into the numbers and data. As we can see from the charts, the moving averages have crossed, indicating a potential shift in momentum.", "type": "paragraph"}, {"url": "https://images.unsplash.com/photo-1611974789855-9c2a0a7236a3?w=800&q=80", "type": "image", "caption": "Figure 1: Market Trends Overview"}, {"text": "In conclusion, investors should remain cautious but optimistic. Proper risk management remains the key to long-term success.", "type": "paragraph"}]	2026-06-12	Bob Johnson	Market Researcher	["Highlight 1 for news post 13", "Highlight 2 showing key data points", "Highlight 3 summarizing the conclusion"]	\N	hero	0
20	Test News Post 14: Market Update and Analysis	This is a generated subtitle for the test news post number 14. It provides a brief overview of the content.	test-news-post-14-market-update	news	https://images.unsplash.com/photo-1590283603385-17ffb3a7f29f?w=800&q=80	[{"text": "This is the introductory paragraph for news post 14. It contains some generated text to simulate a real article. The market has shown interesting trends recently.", "type": "paragraph"}, {"text": "Detailed Analysis", "type": "h1"}, {"text": "Here is a deeper dive into the numbers and data. As we can see from the charts, the moving averages have crossed, indicating a potential shift in momentum.", "type": "paragraph"}, {"url": "https://images.unsplash.com/photo-1611974789855-9c2a0a7236a3?w=800&q=80", "type": "image", "caption": "Figure 1: Market Trends Overview"}, {"text": "In conclusion, investors should remain cautious but optimistic. Proper risk management remains the key to long-term success.", "type": "paragraph"}]	2026-06-12	Bob Johnson	Market Researcher	["Highlight 1 for news post 14", "Highlight 2 showing key data points", "Highlight 3 summarizing the conclusion"]	\N	deep_dive	0
21	Test News Post 15: Market Update and Analysis	This is a generated subtitle for the test news post number 15. It provides a brief overview of the content.	test-news-post-15-market-update	news	https://images.unsplash.com/photo-1611162617474-5b21e879e113?w=800&q=80	[{"text": "This is the introductory paragraph for news post 15. It contains some generated text to simulate a real article. The market has shown interesting trends recently.", "type": "paragraph"}, {"text": "Detailed Analysis", "type": "h1"}, {"text": "Here is a deeper dive into the numbers and data. As we can see from the charts, the moving averages have crossed, indicating a potential shift in momentum.", "type": "paragraph"}, {"url": "https://images.unsplash.com/photo-1526304640581-d334cdbbf45e?w=800&q=80", "type": "image", "caption": "Figure 1: Market Trends Overview"}, {"text": "In conclusion, investors should remain cautious but optimistic. Proper risk management remains the key to long-term success.", "type": "paragraph"}]	2026-06-12	Bob Johnson	Market Researcher	["Highlight 1 for news post 15", "Highlight 2 showing key data points", "Highlight 3 summarizing the conclusion"]	\N	hero	0
22	Test News Post 16: Market Update and Analysis	This is a generated subtitle for the test news post number 16. It provides a brief overview of the content.	test-news-post-16-market-update	news	https://images.unsplash.com/photo-1590283603385-17ffb3a7f29f?w=800&q=80	[{"text": "This is the introductory paragraph for news post 16. It contains some generated text to simulate a real article. The market has shown interesting trends recently.", "type": "paragraph"}, {"text": "Detailed Analysis", "type": "h1"}, {"text": "Here is a deeper dive into the numbers and data. As we can see from the charts, the moving averages have crossed, indicating a potential shift in momentum.", "type": "paragraph"}, {"url": "https://images.unsplash.com/photo-1526304640581-d334cdbbf45e?w=800&q=80", "type": "image", "caption": "Figure 1: Market Trends Overview"}, {"text": "In conclusion, investors should remain cautious but optimistic. Proper risk management remains the key to long-term success.", "type": "paragraph"}]	2026-06-12	Alice Smith	Senior Analyst	["Highlight 1 for news post 16", "Highlight 2 showing key data points", "Highlight 3 summarizing the conclusion"]	\N	deep_dive	0
24	Test News Post 18: Market Update and Analysis	This is a generated subtitle for the test news post number 18. It provides a brief overview of the content.	test-news-post-18-market-update	news	https://images.unsplash.com/photo-1526304640581-d334cdbbf45e?w=800&q=80	[{"text": "This is the introductory paragraph for news post 18. It contains some generated text to simulate a real article. The market has shown interesting trends recently.", "type": "paragraph"}, {"text": "Detailed Analysis", "type": "h1"}, {"text": "Here is a deeper dive into the numbers and data. As we can see from the charts, the moving averages have crossed, indicating a potential shift in momentum.", "type": "paragraph"}, {"url": "https://images.unsplash.com/photo-1590283603385-17ffb3a7f29f?w=800&q=80", "type": "image", "caption": "Figure 1: Market Trends Overview"}, {"text": "In conclusion, investors should remain cautious but optimistic. Proper risk management remains the key to long-term success.", "type": "paragraph"}]	2026-06-12	Alice Smith	Senior Analyst	["Highlight 1 for news post 18", "Highlight 2 showing key data points", "Highlight 3 summarizing the conclusion"]	\N	hero	0
25	Test News Post 19: Market Update and Analysis	This is a generated subtitle for the test news post number 19. It provides a brief overview of the content.	test-news-post-19-market-update	news	https://images.unsplash.com/photo-1526304640581-d334cdbbf45e?w=800&q=80	[{"text": "This is the introductory paragraph for news post 19. It contains some generated text to simulate a real article. The market has shown interesting trends recently.", "type": "paragraph"}, {"text": "Detailed Analysis", "type": "h1"}, {"text": "Here is a deeper dive into the numbers and data. As we can see from the charts, the moving averages have crossed, indicating a potential shift in momentum.", "type": "paragraph"}, {"url": "https://images.unsplash.com/photo-1611974789855-9c2a0a7236a3?w=800&q=80", "type": "image", "caption": "Figure 1: Market Trends Overview"}, {"text": "In conclusion, investors should remain cautious but optimistic. Proper risk management remains the key to long-term success.", "type": "paragraph"}]	2026-06-12	Bob Johnson	Market Researcher	["Highlight 1 for news post 19", "Highlight 2 showing key data points", "Highlight 3 summarizing the conclusion"]	\N	latest	0
26	Test News Post 20: Market Update and Analysis	This is a generated subtitle for the test news post number 20. It provides a brief overview of the content.	test-news-post-20-market-update	news	https://images.unsplash.com/photo-1611162617474-5b21e879e113?w=800&q=80	[{"text": "This is the introductory paragraph for news post 20. It contains some generated text to simulate a real article. The market has shown interesting trends recently.", "type": "paragraph"}, {"text": "Detailed Analysis", "type": "h1"}, {"text": "Here is a deeper dive into the numbers and data. As we can see from the charts, the moving averages have crossed, indicating a potential shift in momentum.", "type": "paragraph"}, {"url": "https://images.unsplash.com/photo-1611974789855-9c2a0a7236a3?w=800&q=80", "type": "image", "caption": "Figure 1: Market Trends Overview"}, {"text": "In conclusion, investors should remain cautious but optimistic. Proper risk management remains the key to long-term success.", "type": "paragraph"}]	2026-06-12	Sarah Jenkins	Tech Reporter	["Highlight 1 for news post 20", "Highlight 2 showing key data points", "Highlight 3 summarizing the conclusion"]	\N	quick_hit	0
27	Test News Post 21: Market Update and Analysis	This is a generated subtitle for the test news post number 21. It provides a brief overview of the content.	test-news-post-21-market-update	news	https://images.unsplash.com/photo-1526304640581-d334cdbbf45e?w=800&q=80	[{"text": "This is the introductory paragraph for news post 21. It contains some generated text to simulate a real article. The market has shown interesting trends recently.", "type": "paragraph"}, {"text": "Detailed Analysis", "type": "h1"}, {"text": "Here is a deeper dive into the numbers and data. As we can see from the charts, the moving averages have crossed, indicating a potential shift in momentum.", "type": "paragraph"}, {"url": "https://images.unsplash.com/photo-1590283603385-17ffb3a7f29f?w=800&q=80", "type": "image", "caption": "Figure 1: Market Trends Overview"}, {"text": "In conclusion, investors should remain cautious but optimistic. Proper risk management remains the key to long-term success.", "type": "paragraph"}]	2026-06-12	Sarah Jenkins	Tech Reporter	["Highlight 1 for news post 21", "Highlight 2 showing key data points", "Highlight 3 summarizing the conclusion"]	\N	live_feed	0
28	Test News Post 22: Market Update and Analysis	This is a generated subtitle for the test news post number 22. It provides a brief overview of the content.	test-news-post-22-market-update	news	https://images.unsplash.com/photo-1590283603385-17ffb3a7f29f?w=800&q=80	[{"text": "This is the introductory paragraph for news post 22. It contains some generated text to simulate a real article. The market has shown interesting trends recently.", "type": "paragraph"}, {"text": "Detailed Analysis", "type": "h1"}, {"text": "Here is a deeper dive into the numbers and data. As we can see from the charts, the moving averages have crossed, indicating a potential shift in momentum.", "type": "paragraph"}, {"url": "https://images.unsplash.com/photo-1611162617474-5b21e879e113?w=800&q=80", "type": "image", "caption": "Figure 1: Market Trends Overview"}, {"text": "In conclusion, investors should remain cautious but optimistic. Proper risk management remains the key to long-term success.", "type": "paragraph"}]	2026-06-12	Bob Johnson	Market Researcher	["Highlight 1 for news post 22", "Highlight 2 showing key data points", "Highlight 3 summarizing the conclusion"]	\N	live_feed	0
31	Test News Post 25: Market Update and Analysis	This is a generated subtitle for the test news post number 25. It provides a brief overview of the content.	test-news-post-25-market-update	news	https://images.unsplash.com/photo-1590283603385-17ffb3a7f29f?w=800&q=80	[{"text": "This is the introductory paragraph for news post 25. It contains some generated text to simulate a real article. The market has shown interesting trends recently.", "type": "paragraph"}, {"text": "Detailed Analysis", "type": "h1"}, {"text": "Here is a deeper dive into the numbers and data. As we can see from the charts, the moving averages have crossed, indicating a potential shift in momentum.", "type": "paragraph"}, {"url": "https://images.unsplash.com/photo-1590283603385-17ffb3a7f29f?w=800&q=80", "type": "image", "caption": "Figure 1: Market Trends Overview"}, {"text": "In conclusion, investors should remain cautious but optimistic. Proper risk management remains the key to long-term success.", "type": "paragraph"}]	2026-06-12	Bob Johnson	Market Researcher	["Highlight 1 for news post 25", "Highlight 2 showing key data points", "Highlight 3 summarizing the conclusion"]	\N	quick_hit	0
32	Test News Post 26: Market Update and Analysis	This is a generated subtitle for the test news post number 26. It provides a brief overview of the content.	test-news-post-26-market-update	news	https://images.unsplash.com/photo-1526304640581-d334cdbbf45e?w=800&q=80	[{"text": "This is the introductory paragraph for news post 26. It contains some generated text to simulate a real article. The market has shown interesting trends recently.", "type": "paragraph"}, {"text": "Detailed Analysis", "type": "h1"}, {"text": "Here is a deeper dive into the numbers and data. As we can see from the charts, the moving averages have crossed, indicating a potential shift in momentum.", "type": "paragraph"}, {"url": "https://images.unsplash.com/photo-1611974789855-9c2a0a7236a3?w=800&q=80", "type": "image", "caption": "Figure 1: Market Trends Overview"}, {"text": "In conclusion, investors should remain cautious but optimistic. Proper risk management remains the key to long-term success.", "type": "paragraph"}]	2026-06-12	Jose C S	Founder & CEO	["Highlight 1 for news post 26", "Highlight 2 showing key data points", "Highlight 3 summarizing the conclusion"]	\N	deep_dive	0
33	Test News Post 27: Market Update and Analysis	This is a generated subtitle for the test news post number 27. It provides a brief overview of the content.	test-news-post-27-market-update	news	https://images.unsplash.com/photo-1611162617474-5b21e879e113?w=800&q=80	[{"text": "This is the introductory paragraph for news post 27. It contains some generated text to simulate a real article. The market has shown interesting trends recently.", "type": "paragraph"}, {"text": "Detailed Analysis", "type": "h1"}, {"text": "Here is a deeper dive into the numbers and data. As we can see from the charts, the moving averages have crossed, indicating a potential shift in momentum.", "type": "paragraph"}, {"url": "https://images.unsplash.com/photo-1611974789855-9c2a0a7236a3?w=800&q=80", "type": "image", "caption": "Figure 1: Market Trends Overview"}, {"text": "In conclusion, investors should remain cautious but optimistic. Proper risk management remains the key to long-term success.", "type": "paragraph"}]	2026-06-12	Alice Smith	Senior Analyst	["Highlight 1 for news post 27", "Highlight 2 showing key data points", "Highlight 3 summarizing the conclusion"]	\N	deep_dive	0
34	Test News Post 28: Market Update and Analysis	This is a generated subtitle for the test news post number 28. It provides a brief overview of the content.	test-news-post-28-market-update	news	https://images.unsplash.com/photo-1611974789855-9c2a0a7236a3?w=800&q=80	[{"text": "This is the introductory paragraph for news post 28. It contains some generated text to simulate a real article. The market has shown interesting trends recently.", "type": "paragraph"}, {"text": "Detailed Analysis", "type": "h1"}, {"text": "Here is a deeper dive into the numbers and data. As we can see from the charts, the moving averages have crossed, indicating a potential shift in momentum.", "type": "paragraph"}, {"url": "https://images.unsplash.com/photo-1590283603385-17ffb3a7f29f?w=800&q=80", "type": "image", "caption": "Figure 1: Market Trends Overview"}, {"text": "In conclusion, investors should remain cautious but optimistic. Proper risk management remains the key to long-term success.", "type": "paragraph"}]	2026-06-12	Sarah Jenkins	Tech Reporter	["Highlight 1 for news post 28", "Highlight 2 showing key data points", "Highlight 3 summarizing the conclusion"]	\N	deep_dive	0
30	Test News Post 24: Market Update and Analysis	This is a generated subtitle for the test news post number 24. It provides a brief overview of the content.	test-news-post-24-market-update	news	https://images.unsplash.com/photo-1611162617474-5b21e879e113?w=800&q=80	[{"text": "This is the introductory paragraph for news post 24. It contains some generated text to simulate a real article. The market has shown interesting trends recently.", "type": "paragraph"}, {"text": "Detailed Analysis", "type": "h1"}, {"text": "Here is a deeper dive into the numbers and data. As we can see from the charts, the moving averages have crossed, indicating a potential shift in momentum.", "type": "paragraph"}, {"url": "https://images.unsplash.com/photo-1611974789855-9c2a0a7236a3?w=800&q=80", "type": "image", "caption": "Figure 1: Market Trends Overview"}, {"text": "In conclusion, investors should remain cautious but optimistic. Proper risk management remains the key to long-term success.", "type": "paragraph"}]	2026-06-12	Alice Smith	Senior Analyst	["Highlight 1 for news post 24", "Highlight 2 showing key data points", "Highlight 3 summarizing the conclusion"]	\N	breaking	1
36	Test News Post 30: Market Update and Analysis	This is a generated subtitle for the test news post number 30. It provides a brief overview of the content.	test-news-post-30-market-update	news	https://images.unsplash.com/photo-1611162617474-5b21e879e113?w=800&q=80	[{"text": "This is the introductory paragraph for news post 30. It contains some generated text to simulate a real article. The market has shown interesting trends recently.", "type": "paragraph"}, {"text": "Detailed Analysis", "type": "h1"}, {"text": "Here is a deeper dive into the numbers and data. As we can see from the charts, the moving averages have crossed, indicating a potential shift in momentum.", "type": "paragraph"}, {"url": "https://images.unsplash.com/photo-1590283603385-17ffb3a7f29f?w=800&q=80", "type": "image", "caption": "Figure 1: Market Trends Overview"}, {"text": "In conclusion, investors should remain cautious but optimistic. Proper risk management remains the key to long-term success.", "type": "paragraph"}]	2026-06-12	Jose C S	Founder & CEO	["Highlight 1 for news post 30", "Highlight 2 showing key data points", "Highlight 3 summarizing the conclusion"]	\N	latest	0
37	Test News Post 31: Market Update and Analysis	This is a generated subtitle for the test news post number 31. It provides a brief overview of the content.	test-news-post-31-market-update	news	https://images.unsplash.com/photo-1611974789855-9c2a0a7236a3?w=800&q=80	[{"text": "This is the introductory paragraph for news post 31. It contains some generated text to simulate a real article. The market has shown interesting trends recently.", "type": "paragraph"}, {"text": "Detailed Analysis", "type": "h1"}, {"text": "Here is a deeper dive into the numbers and data. As we can see from the charts, the moving averages have crossed, indicating a potential shift in momentum.", "type": "paragraph"}, {"url": "https://images.unsplash.com/photo-1590283603385-17ffb3a7f29f?w=800&q=80", "type": "image", "caption": "Figure 1: Market Trends Overview"}, {"text": "In conclusion, investors should remain cautious but optimistic. Proper risk management remains the key to long-term success.", "type": "paragraph"}]	2026-06-12	Bob Johnson	Market Researcher	["Highlight 1 for news post 31", "Highlight 2 showing key data points", "Highlight 3 summarizing the conclusion"]	\N	latest	0
38	Test News Post 32: Market Update and Analysis	This is a generated subtitle for the test news post number 32. It provides a brief overview of the content.	test-news-post-32-market-update	news	https://images.unsplash.com/photo-1611162617474-5b21e879e113?w=800&q=80	[{"text": "This is the introductory paragraph for news post 32. It contains some generated text to simulate a real article. The market has shown interesting trends recently.", "type": "paragraph"}, {"text": "Detailed Analysis", "type": "h1"}, {"text": "Here is a deeper dive into the numbers and data. As we can see from the charts, the moving averages have crossed, indicating a potential shift in momentum.", "type": "paragraph"}, {"url": "https://images.unsplash.com/photo-1526304640581-d334cdbbf45e?w=800&q=80", "type": "image", "caption": "Figure 1: Market Trends Overview"}, {"text": "In conclusion, investors should remain cautious but optimistic. Proper risk management remains the key to long-term success.", "type": "paragraph"}]	2026-06-12	Bob Johnson	Market Researcher	["Highlight 1 for news post 32", "Highlight 2 showing key data points", "Highlight 3 summarizing the conclusion"]	\N	breaking	0
39	Test News Post 33: Market Update and Analysis	This is a generated subtitle for the test news post number 33. It provides a brief overview of the content.	test-news-post-33-market-update	news	https://images.unsplash.com/photo-1611974789855-9c2a0a7236a3?w=800&q=80	[{"text": "This is the introductory paragraph for news post 33. It contains some generated text to simulate a real article. The market has shown interesting trends recently.", "type": "paragraph"}, {"text": "Detailed Analysis", "type": "h1"}, {"text": "Here is a deeper dive into the numbers and data. As we can see from the charts, the moving averages have crossed, indicating a potential shift in momentum.", "type": "paragraph"}, {"url": "https://images.unsplash.com/photo-1590283603385-17ffb3a7f29f?w=800&q=80", "type": "image", "caption": "Figure 1: Market Trends Overview"}, {"text": "In conclusion, investors should remain cautious but optimistic. Proper risk management remains the key to long-term success.", "type": "paragraph"}]	2026-06-12	Jose C S	Founder & CEO	["Highlight 1 for news post 33", "Highlight 2 showing key data points", "Highlight 3 summarizing the conclusion"]	\N	breaking	0
40	Test News Post 34: Market Update and Analysis	This is a generated subtitle for the test news post number 34. It provides a brief overview of the content.	test-news-post-34-market-update	news	https://images.unsplash.com/photo-1611974789855-9c2a0a7236a3?w=800&q=80	[{"text": "This is the introductory paragraph for news post 34. It contains some generated text to simulate a real article. The market has shown interesting trends recently.", "type": "paragraph"}, {"text": "Detailed Analysis", "type": "h1"}, {"text": "Here is a deeper dive into the numbers and data. As we can see from the charts, the moving averages have crossed, indicating a potential shift in momentum.", "type": "paragraph"}, {"url": "https://images.unsplash.com/photo-1611974789855-9c2a0a7236a3?w=800&q=80", "type": "image", "caption": "Figure 1: Market Trends Overview"}, {"text": "In conclusion, investors should remain cautious but optimistic. Proper risk management remains the key to long-term success.", "type": "paragraph"}]	2026-06-12	Sarah Jenkins	Tech Reporter	["Highlight 1 for news post 34", "Highlight 2 showing key data points", "Highlight 3 summarizing the conclusion"]	\N	quick_hit	0
42	Test News Post 36: Market Update and Analysis	This is a generated subtitle for the test news post number 36. It provides a brief overview of the content.	test-news-post-36-market-update	news	https://images.unsplash.com/photo-1526304640581-d334cdbbf45e?w=800&q=80	[{"text": "This is the introductory paragraph for news post 36. It contains some generated text to simulate a real article. The market has shown interesting trends recently.", "type": "paragraph"}, {"text": "Detailed Analysis", "type": "h1"}, {"text": "Here is a deeper dive into the numbers and data. As we can see from the charts, the moving averages have crossed, indicating a potential shift in momentum.", "type": "paragraph"}, {"url": "https://images.unsplash.com/photo-1611974789855-9c2a0a7236a3?w=800&q=80", "type": "image", "caption": "Figure 1: Market Trends Overview"}, {"text": "In conclusion, investors should remain cautious but optimistic. Proper risk management remains the key to long-term success.", "type": "paragraph"}]	2026-06-12	Alice Smith	Senior Analyst	["Highlight 1 for news post 36", "Highlight 2 showing key data points", "Highlight 3 summarizing the conclusion"]	\N	breaking	0
43	Test News Post 37: Market Update and Analysis	This is a generated subtitle for the test news post number 37. It provides a brief overview of the content.	test-news-post-37-market-update	news	https://images.unsplash.com/photo-1590283603385-17ffb3a7f29f?w=800&q=80	[{"text": "This is the introductory paragraph for news post 37. It contains some generated text to simulate a real article. The market has shown interesting trends recently.", "type": "paragraph"}, {"text": "Detailed Analysis", "type": "h1"}, {"text": "Here is a deeper dive into the numbers and data. As we can see from the charts, the moving averages have crossed, indicating a potential shift in momentum.", "type": "paragraph"}, {"url": "https://images.unsplash.com/photo-1526304640581-d334cdbbf45e?w=800&q=80", "type": "image", "caption": "Figure 1: Market Trends Overview"}, {"text": "In conclusion, investors should remain cautious but optimistic. Proper risk management remains the key to long-term success.", "type": "paragraph"}]	2026-06-12	Jose C S	Founder & CEO	["Highlight 1 for news post 37", "Highlight 2 showing key data points", "Highlight 3 summarizing the conclusion"]	\N	live_feed	0
44	Test News Post 38: Market Update and Analysis	This is a generated subtitle for the test news post number 38. It provides a brief overview of the content.	test-news-post-38-market-update	news	https://images.unsplash.com/photo-1590283603385-17ffb3a7f29f?w=800&q=80	[{"text": "This is the introductory paragraph for news post 38. It contains some generated text to simulate a real article. The market has shown interesting trends recently.", "type": "paragraph"}, {"text": "Detailed Analysis", "type": "h1"}, {"text": "Here is a deeper dive into the numbers and data. As we can see from the charts, the moving averages have crossed, indicating a potential shift in momentum.", "type": "paragraph"}, {"url": "https://images.unsplash.com/photo-1611974789855-9c2a0a7236a3?w=800&q=80", "type": "image", "caption": "Figure 1: Market Trends Overview"}, {"text": "In conclusion, investors should remain cautious but optimistic. Proper risk management remains the key to long-term success.", "type": "paragraph"}]	2026-06-12	Bob Johnson	Market Researcher	["Highlight 1 for news post 38", "Highlight 2 showing key data points", "Highlight 3 summarizing the conclusion"]	\N	hero	0
45	Test News Post 39: Market Update and Analysis	This is a generated subtitle for the test news post number 39. It provides a brief overview of the content.	test-news-post-39-market-update	news	https://images.unsplash.com/photo-1526304640581-d334cdbbf45e?w=800&q=80	[{"text": "This is the introductory paragraph for news post 39. It contains some generated text to simulate a real article. The market has shown interesting trends recently.", "type": "paragraph"}, {"text": "Detailed Analysis", "type": "h1"}, {"text": "Here is a deeper dive into the numbers and data. As we can see from the charts, the moving averages have crossed, indicating a potential shift in momentum.", "type": "paragraph"}, {"url": "https://images.unsplash.com/photo-1611162617474-5b21e879e113?w=800&q=80", "type": "image", "caption": "Figure 1: Market Trends Overview"}, {"text": "In conclusion, investors should remain cautious but optimistic. Proper risk management remains the key to long-term success.", "type": "paragraph"}]	2026-06-12	Alice Smith	Senior Analyst	["Highlight 1 for news post 39", "Highlight 2 showing key data points", "Highlight 3 summarizing the conclusion"]	\N	breaking	0
46	Test News Post 40: Market Update and Analysis	This is a generated subtitle for the test news post number 40. It provides a brief overview of the content.	test-news-post-40-market-update	news	https://images.unsplash.com/photo-1526304640581-d334cdbbf45e?w=800&q=80	[{"text": "This is the introductory paragraph for news post 40. It contains some generated text to simulate a real article. The market has shown interesting trends recently.", "type": "paragraph"}, {"text": "Detailed Analysis", "type": "h1"}, {"text": "Here is a deeper dive into the numbers and data. As we can see from the charts, the moving averages have crossed, indicating a potential shift in momentum.", "type": "paragraph"}, {"url": "https://images.unsplash.com/photo-1611974789855-9c2a0a7236a3?w=800&q=80", "type": "image", "caption": "Figure 1: Market Trends Overview"}, {"text": "In conclusion, investors should remain cautious but optimistic. Proper risk management remains the key to long-term success.", "type": "paragraph"}]	2026-06-12	Jose C S	Founder & CEO	["Highlight 1 for news post 40", "Highlight 2 showing key data points", "Highlight 3 summarizing the conclusion"]	\N	latest	0
48	Test News Post 42: Market Update and Analysis	This is a generated subtitle for the test news post number 42. It provides a brief overview of the content.	test-news-post-42-market-update	news	https://images.unsplash.com/photo-1590283603385-17ffb3a7f29f?w=800&q=80	[{"text": "This is the introductory paragraph for news post 42. It contains some generated text to simulate a real article. The market has shown interesting trends recently.", "type": "paragraph"}, {"text": "Detailed Analysis", "type": "h1"}, {"text": "Here is a deeper dive into the numbers and data. As we can see from the charts, the moving averages have crossed, indicating a potential shift in momentum.", "type": "paragraph"}, {"url": "https://images.unsplash.com/photo-1611974789855-9c2a0a7236a3?w=800&q=80", "type": "image", "caption": "Figure 1: Market Trends Overview"}, {"text": "In conclusion, investors should remain cautious but optimistic. Proper risk management remains the key to long-term success.", "type": "paragraph"}]	2026-06-12	Sarah Jenkins	Tech Reporter	["Highlight 1 for news post 42", "Highlight 2 showing key data points", "Highlight 3 summarizing the conclusion"]	\N	hero	0
49	Test News Post 43: Market Update and Analysis	This is a generated subtitle for the test news post number 43. It provides a brief overview of the content.	test-news-post-43-market-update	news	https://images.unsplash.com/photo-1590283603385-17ffb3a7f29f?w=800&q=80	[{"text": "This is the introductory paragraph for news post 43. It contains some generated text to simulate a real article. The market has shown interesting trends recently.", "type": "paragraph"}, {"text": "Detailed Analysis", "type": "h1"}, {"text": "Here is a deeper dive into the numbers and data. As we can see from the charts, the moving averages have crossed, indicating a potential shift in momentum.", "type": "paragraph"}, {"url": "https://images.unsplash.com/photo-1526304640581-d334cdbbf45e?w=800&q=80", "type": "image", "caption": "Figure 1: Market Trends Overview"}, {"text": "In conclusion, investors should remain cautious but optimistic. Proper risk management remains the key to long-term success.", "type": "paragraph"}]	2026-06-12	Jose C S	Founder & CEO	["Highlight 1 for news post 43", "Highlight 2 showing key data points", "Highlight 3 summarizing the conclusion"]	\N	live_feed	0
50	Test News Post 44: Market Update and Analysis	This is a generated subtitle for the test news post number 44. It provides a brief overview of the content.	test-news-post-44-market-update	news	https://images.unsplash.com/photo-1611162617474-5b21e879e113?w=800&q=80	[{"text": "This is the introductory paragraph for news post 44. It contains some generated text to simulate a real article. The market has shown interesting trends recently.", "type": "paragraph"}, {"text": "Detailed Analysis", "type": "h1"}, {"text": "Here is a deeper dive into the numbers and data. As we can see from the charts, the moving averages have crossed, indicating a potential shift in momentum.", "type": "paragraph"}, {"url": "https://images.unsplash.com/photo-1590283603385-17ffb3a7f29f?w=800&q=80", "type": "image", "caption": "Figure 1: Market Trends Overview"}, {"text": "In conclusion, investors should remain cautious but optimistic. Proper risk management remains the key to long-term success.", "type": "paragraph"}]	2026-06-12	Jose C S	Founder & CEO	["Highlight 1 for news post 44", "Highlight 2 showing key data points", "Highlight 3 summarizing the conclusion"]	\N	breaking	0
51	Test News Post 45: Market Update and Analysis	This is a generated subtitle for the test news post number 45. It provides a brief overview of the content.	test-news-post-45-market-update	news	https://images.unsplash.com/photo-1526304640581-d334cdbbf45e?w=800&q=80	[{"text": "This is the introductory paragraph for news post 45. It contains some generated text to simulate a real article. The market has shown interesting trends recently.", "type": "paragraph"}, {"text": "Detailed Analysis", "type": "h1"}, {"text": "Here is a deeper dive into the numbers and data. As we can see from the charts, the moving averages have crossed, indicating a potential shift in momentum.", "type": "paragraph"}, {"url": "https://images.unsplash.com/photo-1611974789855-9c2a0a7236a3?w=800&q=80", "type": "image", "caption": "Figure 1: Market Trends Overview"}, {"text": "In conclusion, investors should remain cautious but optimistic. Proper risk management remains the key to long-term success.", "type": "paragraph"}]	2026-06-12	Sarah Jenkins	Tech Reporter	["Highlight 1 for news post 45", "Highlight 2 showing key data points", "Highlight 3 summarizing the conclusion"]	\N	live_feed	0
52	Test News Post 46: Market Update and Analysis	This is a generated subtitle for the test news post number 46. It provides a brief overview of the content.	test-news-post-46-market-update	news	https://images.unsplash.com/photo-1611974789855-9c2a0a7236a3?w=800&q=80	[{"text": "This is the introductory paragraph for news post 46. It contains some generated text to simulate a real article. The market has shown interesting trends recently.", "type": "paragraph"}, {"text": "Detailed Analysis", "type": "h1"}, {"text": "Here is a deeper dive into the numbers and data. As we can see from the charts, the moving averages have crossed, indicating a potential shift in momentum.", "type": "paragraph"}, {"url": "https://images.unsplash.com/photo-1526304640581-d334cdbbf45e?w=800&q=80", "type": "image", "caption": "Figure 1: Market Trends Overview"}, {"text": "In conclusion, investors should remain cautious but optimistic. Proper risk management remains the key to long-term success.", "type": "paragraph"}]	2026-06-12	Bob Johnson	Market Researcher	["Highlight 1 for news post 46", "Highlight 2 showing key data points", "Highlight 3 summarizing the conclusion"]	\N	breaking	0
54	Test News Post 48: Market Update and Analysis	This is a generated subtitle for the test news post number 48. It provides a brief overview of the content.	test-news-post-48-market-update	news	https://images.unsplash.com/photo-1611162617474-5b21e879e113?w=800&q=80	[{"text": "This is the introductory paragraph for news post 48. It contains some generated text to simulate a real article. The market has shown interesting trends recently.", "type": "paragraph"}, {"text": "Detailed Analysis", "type": "h1"}, {"text": "Here is a deeper dive into the numbers and data. As we can see from the charts, the moving averages have crossed, indicating a potential shift in momentum.", "type": "paragraph"}, {"url": "https://images.unsplash.com/photo-1611974789855-9c2a0a7236a3?w=800&q=80", "type": "image", "caption": "Figure 1: Market Trends Overview"}, {"text": "In conclusion, investors should remain cautious but optimistic. Proper risk management remains the key to long-term success.", "type": "paragraph"}]	2026-06-12	Jose C S	Founder & CEO	["Highlight 1 for news post 48", "Highlight 2 showing key data points", "Highlight 3 summarizing the conclusion"]	\N	breaking	0
55	Test News Post 49: Market Update and Analysis	This is a generated subtitle for the test news post number 49. It provides a brief overview of the content.	test-news-post-49-market-update	news	https://images.unsplash.com/photo-1526304640581-d334cdbbf45e?w=800&q=80	[{"text": "This is the introductory paragraph for news post 49. It contains some generated text to simulate a real article. The market has shown interesting trends recently.", "type": "paragraph"}, {"text": "Detailed Analysis", "type": "h1"}, {"text": "Here is a deeper dive into the numbers and data. As we can see from the charts, the moving averages have crossed, indicating a potential shift in momentum.", "type": "paragraph"}, {"url": "https://images.unsplash.com/photo-1611974789855-9c2a0a7236a3?w=800&q=80", "type": "image", "caption": "Figure 1: Market Trends Overview"}, {"text": "In conclusion, investors should remain cautious but optimistic. Proper risk management remains the key to long-term success.", "type": "paragraph"}]	2026-06-12	Jose C S	Founder & CEO	["Highlight 1 for news post 49", "Highlight 2 showing key data points", "Highlight 3 summarizing the conclusion"]	\N	deep_dive	0
56	Test News Post 50: Market Update and Analysis	This is a generated subtitle for the test news post number 50. It provides a brief overview of the content.	test-news-post-50-market-update	news	https://images.unsplash.com/photo-1611974789855-9c2a0a7236a3?w=800&q=80	[{"text": "This is the introductory paragraph for news post 50. It contains some generated text to simulate a real article. The market has shown interesting trends recently.", "type": "paragraph"}, {"text": "Detailed Analysis", "type": "h1"}, {"text": "Here is a deeper dive into the numbers and data. As we can see from the charts, the moving averages have crossed, indicating a potential shift in momentum.", "type": "paragraph"}, {"url": "https://images.unsplash.com/photo-1526304640581-d334cdbbf45e?w=800&q=80", "type": "image", "caption": "Figure 1: Market Trends Overview"}, {"text": "In conclusion, investors should remain cautious but optimistic. Proper risk management remains the key to long-term success.", "type": "paragraph"}]	2026-06-12	Jose C S	Founder & CEO	["Highlight 1 for news post 50", "Highlight 2 showing key data points", "Highlight 3 summarizing the conclusion"]	\N	quick_hit	0
57	Test News Post 51: Market Update and Analysis	This is a generated subtitle for the test news post number 51. It provides a brief overview of the content.	test-news-post-51-market-update	news	https://images.unsplash.com/photo-1611162617474-5b21e879e113?w=800&q=80	[{"text": "This is the introductory paragraph for news post 51. It contains some generated text to simulate a real article. The market has shown interesting trends recently.", "type": "paragraph"}, {"text": "Detailed Analysis", "type": "h1"}, {"text": "Here is a deeper dive into the numbers and data. As we can see from the charts, the moving averages have crossed, indicating a potential shift in momentum.", "type": "paragraph"}, {"url": "https://images.unsplash.com/photo-1590283603385-17ffb3a7f29f?w=800&q=80", "type": "image", "caption": "Figure 1: Market Trends Overview"}, {"text": "In conclusion, investors should remain cautious but optimistic. Proper risk management remains the key to long-term success.", "type": "paragraph"}]	2026-06-12	Jose C S	Founder & CEO	["Highlight 1 for news post 51", "Highlight 2 showing key data points", "Highlight 3 summarizing the conclusion"]	\N	latest	0
58	Test News Post 52: Market Update and Analysis	This is a generated subtitle for the test news post number 52. It provides a brief overview of the content.	test-news-post-52-market-update	news	https://images.unsplash.com/photo-1526304640581-d334cdbbf45e?w=800&q=80	[{"text": "This is the introductory paragraph for news post 52. It contains some generated text to simulate a real article. The market has shown interesting trends recently.", "type": "paragraph"}, {"text": "Detailed Analysis", "type": "h1"}, {"text": "Here is a deeper dive into the numbers and data. As we can see from the charts, the moving averages have crossed, indicating a potential shift in momentum.", "type": "paragraph"}, {"url": "https://images.unsplash.com/photo-1590283603385-17ffb3a7f29f?w=800&q=80", "type": "image", "caption": "Figure 1: Market Trends Overview"}, {"text": "In conclusion, investors should remain cautious but optimistic. Proper risk management remains the key to long-term success.", "type": "paragraph"}]	2026-06-12	Jose C S	Founder & CEO	["Highlight 1 for news post 52", "Highlight 2 showing key data points", "Highlight 3 summarizing the conclusion"]	\N	breaking	0
60	Test News Post 54: Market Update and Analysis	This is a generated subtitle for the test news post number 54. It provides a brief overview of the content.	test-news-post-54-market-update	news	https://images.unsplash.com/photo-1611162617474-5b21e879e113?w=800&q=80	[{"text": "This is the introductory paragraph for news post 54. It contains some generated text to simulate a real article. The market has shown interesting trends recently.", "type": "paragraph"}, {"text": "Detailed Analysis", "type": "h1"}, {"text": "Here is a deeper dive into the numbers and data. As we can see from the charts, the moving averages have crossed, indicating a potential shift in momentum.", "type": "paragraph"}, {"url": "https://images.unsplash.com/photo-1611974789855-9c2a0a7236a3?w=800&q=80", "type": "image", "caption": "Figure 1: Market Trends Overview"}, {"text": "In conclusion, investors should remain cautious but optimistic. Proper risk management remains the key to long-term success.", "type": "paragraph"}]	2026-06-12	Sarah Jenkins	Tech Reporter	["Highlight 1 for news post 54", "Highlight 2 showing key data points", "Highlight 3 summarizing the conclusion"]	\N	deep_dive	0
61	Test News Post 55: Market Update and Analysis	This is a generated subtitle for the test news post number 55. It provides a brief overview of the content.	test-news-post-55-market-update	news	https://images.unsplash.com/photo-1590283603385-17ffb3a7f29f?w=800&q=80	[{"text": "This is the introductory paragraph for news post 55. It contains some generated text to simulate a real article. The market has shown interesting trends recently.", "type": "paragraph"}, {"text": "Detailed Analysis", "type": "h1"}, {"text": "Here is a deeper dive into the numbers and data. As we can see from the charts, the moving averages have crossed, indicating a potential shift in momentum.", "type": "paragraph"}, {"url": "https://images.unsplash.com/photo-1590283603385-17ffb3a7f29f?w=800&q=80", "type": "image", "caption": "Figure 1: Market Trends Overview"}, {"text": "In conclusion, investors should remain cautious but optimistic. Proper risk management remains the key to long-term success.", "type": "paragraph"}]	2026-06-12	Alice Smith	Senior Analyst	["Highlight 1 for news post 55", "Highlight 2 showing key data points", "Highlight 3 summarizing the conclusion"]	\N	live_feed	0
62	Test News Post 56: Market Update and Analysis	This is a generated subtitle for the test news post number 56. It provides a brief overview of the content.	test-news-post-56-market-update	news	https://images.unsplash.com/photo-1590283603385-17ffb3a7f29f?w=800&q=80	[{"text": "This is the introductory paragraph for news post 56. It contains some generated text to simulate a real article. The market has shown interesting trends recently.", "type": "paragraph"}, {"text": "Detailed Analysis", "type": "h1"}, {"text": "Here is a deeper dive into the numbers and data. As we can see from the charts, the moving averages have crossed, indicating a potential shift in momentum.", "type": "paragraph"}, {"url": "https://images.unsplash.com/photo-1611974789855-9c2a0a7236a3?w=800&q=80", "type": "image", "caption": "Figure 1: Market Trends Overview"}, {"text": "In conclusion, investors should remain cautious but optimistic. Proper risk management remains the key to long-term success.", "type": "paragraph"}]	2026-06-12	Alice Smith	Senior Analyst	["Highlight 1 for news post 56", "Highlight 2 showing key data points", "Highlight 3 summarizing the conclusion"]	\N	quick_hit	0
63	Test News Post 57: Market Update and Analysis	This is a generated subtitle for the test news post number 57. It provides a brief overview of the content.	test-news-post-57-market-update	news	https://images.unsplash.com/photo-1611162617474-5b21e879e113?w=800&q=80	[{"text": "This is the introductory paragraph for news post 57. It contains some generated text to simulate a real article. The market has shown interesting trends recently.", "type": "paragraph"}, {"text": "Detailed Analysis", "type": "h1"}, {"text": "Here is a deeper dive into the numbers and data. As we can see from the charts, the moving averages have crossed, indicating a potential shift in momentum.", "type": "paragraph"}, {"url": "https://images.unsplash.com/photo-1526304640581-d334cdbbf45e?w=800&q=80", "type": "image", "caption": "Figure 1: Market Trends Overview"}, {"text": "In conclusion, investors should remain cautious but optimistic. Proper risk management remains the key to long-term success.", "type": "paragraph"}]	2026-06-12	Alice Smith	Senior Analyst	["Highlight 1 for news post 57", "Highlight 2 showing key data points", "Highlight 3 summarizing the conclusion"]	\N	hero	0
64	Test News Post 58: Market Update and Analysis	This is a generated subtitle for the test news post number 58. It provides a brief overview of the content.	test-news-post-58-market-update	news	https://images.unsplash.com/photo-1611974789855-9c2a0a7236a3?w=800&q=80	[{"text": "This is the introductory paragraph for news post 58. It contains some generated text to simulate a real article. The market has shown interesting trends recently.", "type": "paragraph"}, {"text": "Detailed Analysis", "type": "h1"}, {"text": "Here is a deeper dive into the numbers and data. As we can see from the charts, the moving averages have crossed, indicating a potential shift in momentum.", "type": "paragraph"}, {"url": "https://images.unsplash.com/photo-1611974789855-9c2a0a7236a3?w=800&q=80", "type": "image", "caption": "Figure 1: Market Trends Overview"}, {"text": "In conclusion, investors should remain cautious but optimistic. Proper risk management remains the key to long-term success.", "type": "paragraph"}]	2026-06-12	Bob Johnson	Market Researcher	["Highlight 1 for news post 58", "Highlight 2 showing key data points", "Highlight 3 summarizing the conclusion"]	\N	live_feed	0
66	Test News Post 60: Market Update and Analysis	This is a generated subtitle for the test news post number 60. It provides a brief overview of the content.	test-news-post-60-market-update	news	https://images.unsplash.com/photo-1611162617474-5b21e879e113?w=800&q=80	[{"text": "This is the introductory paragraph for news post 60. It contains some generated text to simulate a real article. The market has shown interesting trends recently.", "type": "paragraph"}, {"text": "Detailed Analysis", "type": "h1"}, {"text": "Here is a deeper dive into the numbers and data. As we can see from the charts, the moving averages have crossed, indicating a potential shift in momentum.", "type": "paragraph"}, {"url": "https://images.unsplash.com/photo-1590283603385-17ffb3a7f29f?w=800&q=80", "type": "image", "caption": "Figure 1: Market Trends Overview"}, {"text": "In conclusion, investors should remain cautious but optimistic. Proper risk management remains the key to long-term success.", "type": "paragraph"}]	2026-06-12	Sarah Jenkins	Tech Reporter	["Highlight 1 for news post 60", "Highlight 2 showing key data points", "Highlight 3 summarizing the conclusion"]	\N	live_feed	0
67	Test News Post 61: Market Update and Analysis	This is a generated subtitle for the test news post number 61. It provides a brief overview of the content.	test-news-post-61-market-update	news	https://images.unsplash.com/photo-1611162617474-5b21e879e113?w=800&q=80	[{"text": "This is the introductory paragraph for news post 61. It contains some generated text to simulate a real article. The market has shown interesting trends recently.", "type": "paragraph"}, {"text": "Detailed Analysis", "type": "h1"}, {"text": "Here is a deeper dive into the numbers and data. As we can see from the charts, the moving averages have crossed, indicating a potential shift in momentum.", "type": "paragraph"}, {"url": "https://images.unsplash.com/photo-1611162617474-5b21e879e113?w=800&q=80", "type": "image", "caption": "Figure 1: Market Trends Overview"}, {"text": "In conclusion, investors should remain cautious but optimistic. Proper risk management remains the key to long-term success.", "type": "paragraph"}]	2026-06-12	Jose C S	Founder & CEO	["Highlight 1 for news post 61", "Highlight 2 showing key data points", "Highlight 3 summarizing the conclusion"]	\N	deep_dive	0
68	Test News Post 62: Market Update and Analysis	This is a generated subtitle for the test news post number 62. It provides a brief overview of the content.	test-news-post-62-market-update	news	https://images.unsplash.com/photo-1611974789855-9c2a0a7236a3?w=800&q=80	[{"text": "This is the introductory paragraph for news post 62. It contains some generated text to simulate a real article. The market has shown interesting trends recently.", "type": "paragraph"}, {"text": "Detailed Analysis", "type": "h1"}, {"text": "Here is a deeper dive into the numbers and data. As we can see from the charts, the moving averages have crossed, indicating a potential shift in momentum.", "type": "paragraph"}, {"url": "https://images.unsplash.com/photo-1611974789855-9c2a0a7236a3?w=800&q=80", "type": "image", "caption": "Figure 1: Market Trends Overview"}, {"text": "In conclusion, investors should remain cautious but optimistic. Proper risk management remains the key to long-term success.", "type": "paragraph"}]	2026-06-12	Jose C S	Founder & CEO	["Highlight 1 for news post 62", "Highlight 2 showing key data points", "Highlight 3 summarizing the conclusion"]	\N	breaking	0
69	Test News Post 63: Market Update and Analysis	This is a generated subtitle for the test news post number 63. It provides a brief overview of the content.	test-news-post-63-market-update	news	https://images.unsplash.com/photo-1611974789855-9c2a0a7236a3?w=800&q=80	[{"text": "This is the introductory paragraph for news post 63. It contains some generated text to simulate a real article. The market has shown interesting trends recently.", "type": "paragraph"}, {"text": "Detailed Analysis", "type": "h1"}, {"text": "Here is a deeper dive into the numbers and data. As we can see from the charts, the moving averages have crossed, indicating a potential shift in momentum.", "type": "paragraph"}, {"url": "https://images.unsplash.com/photo-1611162617474-5b21e879e113?w=800&q=80", "type": "image", "caption": "Figure 1: Market Trends Overview"}, {"text": "In conclusion, investors should remain cautious but optimistic. Proper risk management remains the key to long-term success.", "type": "paragraph"}]	2026-06-12	Alice Smith	Senior Analyst	["Highlight 1 for news post 63", "Highlight 2 showing key data points", "Highlight 3 summarizing the conclusion"]	\N	latest	0
70	Test News Post 64: Market Update and Analysis	This is a generated subtitle for the test news post number 64. It provides a brief overview of the content.	test-news-post-64-market-update	news	https://images.unsplash.com/photo-1590283603385-17ffb3a7f29f?w=800&q=80	[{"text": "This is the introductory paragraph for news post 64. It contains some generated text to simulate a real article. The market has shown interesting trends recently.", "type": "paragraph"}, {"text": "Detailed Analysis", "type": "h1"}, {"text": "Here is a deeper dive into the numbers and data. As we can see from the charts, the moving averages have crossed, indicating a potential shift in momentum.", "type": "paragraph"}, {"url": "https://images.unsplash.com/photo-1590283603385-17ffb3a7f29f?w=800&q=80", "type": "image", "caption": "Figure 1: Market Trends Overview"}, {"text": "In conclusion, investors should remain cautious but optimistic. Proper risk management remains the key to long-term success.", "type": "paragraph"}]	2026-06-12	Bob Johnson	Market Researcher	["Highlight 1 for news post 64", "Highlight 2 showing key data points", "Highlight 3 summarizing the conclusion"]	\N	latest	0
72	Test News Post 66: Market Update and Analysis	This is a generated subtitle for the test news post number 66. It provides a brief overview of the content.	test-news-post-66-market-update	news	https://images.unsplash.com/photo-1590283603385-17ffb3a7f29f?w=800&q=80	[{"text": "This is the introductory paragraph for news post 66. It contains some generated text to simulate a real article. The market has shown interesting trends recently.", "type": "paragraph"}, {"text": "Detailed Analysis", "type": "h1"}, {"text": "Here is a deeper dive into the numbers and data. As we can see from the charts, the moving averages have crossed, indicating a potential shift in momentum.", "type": "paragraph"}, {"url": "https://images.unsplash.com/photo-1526304640581-d334cdbbf45e?w=800&q=80", "type": "image", "caption": "Figure 1: Market Trends Overview"}, {"text": "In conclusion, investors should remain cautious but optimistic. Proper risk management remains the key to long-term success.", "type": "paragraph"}]	2026-06-12	Bob Johnson	Market Researcher	["Highlight 1 for news post 66", "Highlight 2 showing key data points", "Highlight 3 summarizing the conclusion"]	\N	live_feed	0
73	Test News Post 67: Market Update and Analysis	This is a generated subtitle for the test news post number 67. It provides a brief overview of the content.	test-news-post-67-market-update	news	https://images.unsplash.com/photo-1526304640581-d334cdbbf45e?w=800&q=80	[{"text": "This is the introductory paragraph for news post 67. It contains some generated text to simulate a real article. The market has shown interesting trends recently.", "type": "paragraph"}, {"text": "Detailed Analysis", "type": "h1"}, {"text": "Here is a deeper dive into the numbers and data. As we can see from the charts, the moving averages have crossed, indicating a potential shift in momentum.", "type": "paragraph"}, {"url": "https://images.unsplash.com/photo-1611162617474-5b21e879e113?w=800&q=80", "type": "image", "caption": "Figure 1: Market Trends Overview"}, {"text": "In conclusion, investors should remain cautious but optimistic. Proper risk management remains the key to long-term success.", "type": "paragraph"}]	2026-06-12	Alice Smith	Senior Analyst	["Highlight 1 for news post 67", "Highlight 2 showing key data points", "Highlight 3 summarizing the conclusion"]	\N	latest	0
74	Test News Post 68: Market Update and Analysis	This is a generated subtitle for the test news post number 68. It provides a brief overview of the content.	test-news-post-68-market-update	news	https://images.unsplash.com/photo-1611974789855-9c2a0a7236a3?w=800&q=80	[{"text": "This is the introductory paragraph for news post 68. It contains some generated text to simulate a real article. The market has shown interesting trends recently.", "type": "paragraph"}, {"text": "Detailed Analysis", "type": "h1"}, {"text": "Here is a deeper dive into the numbers and data. As we can see from the charts, the moving averages have crossed, indicating a potential shift in momentum.", "type": "paragraph"}, {"url": "https://images.unsplash.com/photo-1590283603385-17ffb3a7f29f?w=800&q=80", "type": "image", "caption": "Figure 1: Market Trends Overview"}, {"text": "In conclusion, investors should remain cautious but optimistic. Proper risk management remains the key to long-term success.", "type": "paragraph"}]	2026-06-12	Sarah Jenkins	Tech Reporter	["Highlight 1 for news post 68", "Highlight 2 showing key data points", "Highlight 3 summarizing the conclusion"]	\N	latest	0
75	Test News Post 69: Market Update and Analysis	This is a generated subtitle for the test news post number 69. It provides a brief overview of the content.	test-news-post-69-market-update	news	https://images.unsplash.com/photo-1590283603385-17ffb3a7f29f?w=800&q=80	[{"text": "This is the introductory paragraph for news post 69. It contains some generated text to simulate a real article. The market has shown interesting trends recently.", "type": "paragraph"}, {"text": "Detailed Analysis", "type": "h1"}, {"text": "Here is a deeper dive into the numbers and data. As we can see from the charts, the moving averages have crossed, indicating a potential shift in momentum.", "type": "paragraph"}, {"url": "https://images.unsplash.com/photo-1526304640581-d334cdbbf45e?w=800&q=80", "type": "image", "caption": "Figure 1: Market Trends Overview"}, {"text": "In conclusion, investors should remain cautious but optimistic. Proper risk management remains the key to long-term success.", "type": "paragraph"}]	2026-06-12	Jose C S	Founder & CEO	["Highlight 1 for news post 69", "Highlight 2 showing key data points", "Highlight 3 summarizing the conclusion"]	\N	hero	0
76	Test News Post 70: Market Update and Analysis	This is a generated subtitle for the test news post number 70. It provides a brief overview of the content.	test-news-post-70-market-update	news	https://images.unsplash.com/photo-1590283603385-17ffb3a7f29f?w=800&q=80	[{"text": "This is the introductory paragraph for news post 70. It contains some generated text to simulate a real article. The market has shown interesting trends recently.", "type": "paragraph"}, {"text": "Detailed Analysis", "type": "h1"}, {"text": "Here is a deeper dive into the numbers and data. As we can see from the charts, the moving averages have crossed, indicating a potential shift in momentum.", "type": "paragraph"}, {"url": "https://images.unsplash.com/photo-1526304640581-d334cdbbf45e?w=800&q=80", "type": "image", "caption": "Figure 1: Market Trends Overview"}, {"text": "In conclusion, investors should remain cautious but optimistic. Proper risk management remains the key to long-term success.", "type": "paragraph"}]	2026-06-12	Bob Johnson	Market Researcher	["Highlight 1 for news post 70", "Highlight 2 showing key data points", "Highlight 3 summarizing the conclusion"]	\N	hero	0
78	Test News Post 72: Market Update and Analysis	This is a generated subtitle for the test news post number 72. It provides a brief overview of the content.	test-news-post-72-market-update	news	https://images.unsplash.com/photo-1611974789855-9c2a0a7236a3?w=800&q=80	[{"text": "This is the introductory paragraph for news post 72. It contains some generated text to simulate a real article. The market has shown interesting trends recently.", "type": "paragraph"}, {"text": "Detailed Analysis", "type": "h1"}, {"text": "Here is a deeper dive into the numbers and data. As we can see from the charts, the moving averages have crossed, indicating a potential shift in momentum.", "type": "paragraph"}, {"url": "https://images.unsplash.com/photo-1590283603385-17ffb3a7f29f?w=800&q=80", "type": "image", "caption": "Figure 1: Market Trends Overview"}, {"text": "In conclusion, investors should remain cautious but optimistic. Proper risk management remains the key to long-term success.", "type": "paragraph"}]	2026-06-12	Jose C S	Founder & CEO	["Highlight 1 for news post 72", "Highlight 2 showing key data points", "Highlight 3 summarizing the conclusion"]	\N	breaking	0
79	Test News Post 73: Market Update and Analysis	This is a generated subtitle for the test news post number 73. It provides a brief overview of the content.	test-news-post-73-market-update	news	https://images.unsplash.com/photo-1611162617474-5b21e879e113?w=800&q=80	[{"text": "This is the introductory paragraph for news post 73. It contains some generated text to simulate a real article. The market has shown interesting trends recently.", "type": "paragraph"}, {"text": "Detailed Analysis", "type": "h1"}, {"text": "Here is a deeper dive into the numbers and data. As we can see from the charts, the moving averages have crossed, indicating a potential shift in momentum.", "type": "paragraph"}, {"url": "https://images.unsplash.com/photo-1611974789855-9c2a0a7236a3?w=800&q=80", "type": "image", "caption": "Figure 1: Market Trends Overview"}, {"text": "In conclusion, investors should remain cautious but optimistic. Proper risk management remains the key to long-term success.", "type": "paragraph"}]	2026-06-12	Bob Johnson	Market Researcher	["Highlight 1 for news post 73", "Highlight 2 showing key data points", "Highlight 3 summarizing the conclusion"]	\N	quick_hit	0
80	Test News Post 74: Market Update and Analysis	This is a generated subtitle for the test news post number 74. It provides a brief overview of the content.	test-news-post-74-market-update	news	https://images.unsplash.com/photo-1526304640581-d334cdbbf45e?w=800&q=80	[{"text": "This is the introductory paragraph for news post 74. It contains some generated text to simulate a real article. The market has shown interesting trends recently.", "type": "paragraph"}, {"text": "Detailed Analysis", "type": "h1"}, {"text": "Here is a deeper dive into the numbers and data. As we can see from the charts, the moving averages have crossed, indicating a potential shift in momentum.", "type": "paragraph"}, {"url": "https://images.unsplash.com/photo-1611162617474-5b21e879e113?w=800&q=80", "type": "image", "caption": "Figure 1: Market Trends Overview"}, {"text": "In conclusion, investors should remain cautious but optimistic. Proper risk management remains the key to long-term success.", "type": "paragraph"}]	2026-06-12	Jose C S	Founder & CEO	["Highlight 1 for news post 74", "Highlight 2 showing key data points", "Highlight 3 summarizing the conclusion"]	\N	hero	0
81	Test News Post 75: Market Update and Analysis	This is a generated subtitle for the test news post number 75. It provides a brief overview of the content.	test-news-post-75-market-update	news	https://images.unsplash.com/photo-1611974789855-9c2a0a7236a3?w=800&q=80	[{"text": "This is the introductory paragraph for news post 75. It contains some generated text to simulate a real article. The market has shown interesting trends recently.", "type": "paragraph"}, {"text": "Detailed Analysis", "type": "h1"}, {"text": "Here is a deeper dive into the numbers and data. As we can see from the charts, the moving averages have crossed, indicating a potential shift in momentum.", "type": "paragraph"}, {"url": "https://images.unsplash.com/photo-1611974789855-9c2a0a7236a3?w=800&q=80", "type": "image", "caption": "Figure 1: Market Trends Overview"}, {"text": "In conclusion, investors should remain cautious but optimistic. Proper risk management remains the key to long-term success.", "type": "paragraph"}]	2026-06-12	Bob Johnson	Market Researcher	["Highlight 1 for news post 75", "Highlight 2 showing key data points", "Highlight 3 summarizing the conclusion"]	\N	hero	0
82	Test News Post 76: Market Update and Analysis	This is a generated subtitle for the test news post number 76. It provides a brief overview of the content.	test-news-post-76-market-update	news	https://images.unsplash.com/photo-1611974789855-9c2a0a7236a3?w=800&q=80	[{"text": "This is the introductory paragraph for news post 76. It contains some generated text to simulate a real article. The market has shown interesting trends recently.", "type": "paragraph"}, {"text": "Detailed Analysis", "type": "h1"}, {"text": "Here is a deeper dive into the numbers and data. As we can see from the charts, the moving averages have crossed, indicating a potential shift in momentum.", "type": "paragraph"}, {"url": "https://images.unsplash.com/photo-1526304640581-d334cdbbf45e?w=800&q=80", "type": "image", "caption": "Figure 1: Market Trends Overview"}, {"text": "In conclusion, investors should remain cautious but optimistic. Proper risk management remains the key to long-term success.", "type": "paragraph"}]	2026-06-12	Alice Smith	Senior Analyst	["Highlight 1 for news post 76", "Highlight 2 showing key data points", "Highlight 3 summarizing the conclusion"]	\N	live_feed	0
84	Test News Post 78: Market Update and Analysis	This is a generated subtitle for the test news post number 78. It provides a brief overview of the content.	test-news-post-78-market-update	news	https://images.unsplash.com/photo-1611162617474-5b21e879e113?w=800&q=80	[{"text": "This is the introductory paragraph for news post 78. It contains some generated text to simulate a real article. The market has shown interesting trends recently.", "type": "paragraph"}, {"text": "Detailed Analysis", "type": "h1"}, {"text": "Here is a deeper dive into the numbers and data. As we can see from the charts, the moving averages have crossed, indicating a potential shift in momentum.", "type": "paragraph"}, {"url": "https://images.unsplash.com/photo-1611162617474-5b21e879e113?w=800&q=80", "type": "image", "caption": "Figure 1: Market Trends Overview"}, {"text": "In conclusion, investors should remain cautious but optimistic. Proper risk management remains the key to long-term success.", "type": "paragraph"}]	2026-06-12	Jose C S	Founder & CEO	["Highlight 1 for news post 78", "Highlight 2 showing key data points", "Highlight 3 summarizing the conclusion"]	\N	deep_dive	0
85	Test News Post 79: Market Update and Analysis	This is a generated subtitle for the test news post number 79. It provides a brief overview of the content.	test-news-post-79-market-update	news	https://images.unsplash.com/photo-1611162617474-5b21e879e113?w=800&q=80	[{"text": "This is the introductory paragraph for news post 79. It contains some generated text to simulate a real article. The market has shown interesting trends recently.", "type": "paragraph"}, {"text": "Detailed Analysis", "type": "h1"}, {"text": "Here is a deeper dive into the numbers and data. As we can see from the charts, the moving averages have crossed, indicating a potential shift in momentum.", "type": "paragraph"}, {"url": "https://images.unsplash.com/photo-1590283603385-17ffb3a7f29f?w=800&q=80", "type": "image", "caption": "Figure 1: Market Trends Overview"}, {"text": "In conclusion, investors should remain cautious but optimistic. Proper risk management remains the key to long-term success.", "type": "paragraph"}]	2026-06-12	Jose C S	Founder & CEO	["Highlight 1 for news post 79", "Highlight 2 showing key data points", "Highlight 3 summarizing the conclusion"]	\N	deep_dive	0
86	Test News Post 80: Market Update and Analysis	This is a generated subtitle for the test news post number 80. It provides a brief overview of the content.	test-news-post-80-market-update	news	https://images.unsplash.com/photo-1611162617474-5b21e879e113?w=800&q=80	[{"text": "This is the introductory paragraph for news post 80. It contains some generated text to simulate a real article. The market has shown interesting trends recently.", "type": "paragraph"}, {"text": "Detailed Analysis", "type": "h1"}, {"text": "Here is a deeper dive into the numbers and data. As we can see from the charts, the moving averages have crossed, indicating a potential shift in momentum.", "type": "paragraph"}, {"url": "https://images.unsplash.com/photo-1526304640581-d334cdbbf45e?w=800&q=80", "type": "image", "caption": "Figure 1: Market Trends Overview"}, {"text": "In conclusion, investors should remain cautious but optimistic. Proper risk management remains the key to long-term success.", "type": "paragraph"}]	2026-06-12	Jose C S	Founder & CEO	["Highlight 1 for news post 80", "Highlight 2 showing key data points", "Highlight 3 summarizing the conclusion"]	\N	latest	0
87	Test News Post 81: Market Update and Analysis	This is a generated subtitle for the test news post number 81. It provides a brief overview of the content.	test-news-post-81-market-update	news	https://images.unsplash.com/photo-1590283603385-17ffb3a7f29f?w=800&q=80	[{"text": "This is the introductory paragraph for news post 81. It contains some generated text to simulate a real article. The market has shown interesting trends recently.", "type": "paragraph"}, {"text": "Detailed Analysis", "type": "h1"}, {"text": "Here is a deeper dive into the numbers and data. As we can see from the charts, the moving averages have crossed, indicating a potential shift in momentum.", "type": "paragraph"}, {"url": "https://images.unsplash.com/photo-1611162617474-5b21e879e113?w=800&q=80", "type": "image", "caption": "Figure 1: Market Trends Overview"}, {"text": "In conclusion, investors should remain cautious but optimistic. Proper risk management remains the key to long-term success.", "type": "paragraph"}]	2026-06-12	Jose C S	Founder & CEO	["Highlight 1 for news post 81", "Highlight 2 showing key data points", "Highlight 3 summarizing the conclusion"]	\N	live_feed	0
88	Test News Post 82: Market Update and Analysis	This is a generated subtitle for the test news post number 82. It provides a brief overview of the content.	test-news-post-82-market-update	news	https://images.unsplash.com/photo-1590283603385-17ffb3a7f29f?w=800&q=80	[{"text": "This is the introductory paragraph for news post 82. It contains some generated text to simulate a real article. The market has shown interesting trends recently.", "type": "paragraph"}, {"text": "Detailed Analysis", "type": "h1"}, {"text": "Here is a deeper dive into the numbers and data. As we can see from the charts, the moving averages have crossed, indicating a potential shift in momentum.", "type": "paragraph"}, {"url": "https://images.unsplash.com/photo-1526304640581-d334cdbbf45e?w=800&q=80", "type": "image", "caption": "Figure 1: Market Trends Overview"}, {"text": "In conclusion, investors should remain cautious but optimistic. Proper risk management remains the key to long-term success.", "type": "paragraph"}]	2026-06-12	Bob Johnson	Market Researcher	["Highlight 1 for news post 82", "Highlight 2 showing key data points", "Highlight 3 summarizing the conclusion"]	\N	deep_dive	0
90	Test News Post 84: Market Update and Analysis	This is a generated subtitle for the test news post number 84. It provides a brief overview of the content.	test-news-post-84-market-update	news	https://images.unsplash.com/photo-1611974789855-9c2a0a7236a3?w=800&q=80	[{"text": "This is the introductory paragraph for news post 84. It contains some generated text to simulate a real article. The market has shown interesting trends recently.", "type": "paragraph"}, {"text": "Detailed Analysis", "type": "h1"}, {"text": "Here is a deeper dive into the numbers and data. As we can see from the charts, the moving averages have crossed, indicating a potential shift in momentum.", "type": "paragraph"}, {"url": "https://images.unsplash.com/photo-1611974789855-9c2a0a7236a3?w=800&q=80", "type": "image", "caption": "Figure 1: Market Trends Overview"}, {"text": "In conclusion, investors should remain cautious but optimistic. Proper risk management remains the key to long-term success.", "type": "paragraph"}]	2026-06-12	Alice Smith	Senior Analyst	["Highlight 1 for news post 84", "Highlight 2 showing key data points", "Highlight 3 summarizing the conclusion"]	\N	quick_hit	0
91	Test News Post 85: Market Update and Analysis	This is a generated subtitle for the test news post number 85. It provides a brief overview of the content.	test-news-post-85-market-update	news	https://images.unsplash.com/photo-1611162617474-5b21e879e113?w=800&q=80	[{"text": "This is the introductory paragraph for news post 85. It contains some generated text to simulate a real article. The market has shown interesting trends recently.", "type": "paragraph"}, {"text": "Detailed Analysis", "type": "h1"}, {"text": "Here is a deeper dive into the numbers and data. As we can see from the charts, the moving averages have crossed, indicating a potential shift in momentum.", "type": "paragraph"}, {"url": "https://images.unsplash.com/photo-1526304640581-d334cdbbf45e?w=800&q=80", "type": "image", "caption": "Figure 1: Market Trends Overview"}, {"text": "In conclusion, investors should remain cautious but optimistic. Proper risk management remains the key to long-term success.", "type": "paragraph"}]	2026-06-12	Bob Johnson	Market Researcher	["Highlight 1 for news post 85", "Highlight 2 showing key data points", "Highlight 3 summarizing the conclusion"]	\N	deep_dive	0
92	Test News Post 86: Market Update and Analysis	This is a generated subtitle for the test news post number 86. It provides a brief overview of the content.	test-news-post-86-market-update	news	https://images.unsplash.com/photo-1526304640581-d334cdbbf45e?w=800&q=80	[{"text": "This is the introductory paragraph for news post 86. It contains some generated text to simulate a real article. The market has shown interesting trends recently.", "type": "paragraph"}, {"text": "Detailed Analysis", "type": "h1"}, {"text": "Here is a deeper dive into the numbers and data. As we can see from the charts, the moving averages have crossed, indicating a potential shift in momentum.", "type": "paragraph"}, {"url": "https://images.unsplash.com/photo-1590283603385-17ffb3a7f29f?w=800&q=80", "type": "image", "caption": "Figure 1: Market Trends Overview"}, {"text": "In conclusion, investors should remain cautious but optimistic. Proper risk management remains the key to long-term success.", "type": "paragraph"}]	2026-06-12	Bob Johnson	Market Researcher	["Highlight 1 for news post 86", "Highlight 2 showing key data points", "Highlight 3 summarizing the conclusion"]	\N	live_feed	0
93	Test News Post 87: Market Update and Analysis	This is a generated subtitle for the test news post number 87. It provides a brief overview of the content.	test-news-post-87-market-update	news	https://images.unsplash.com/photo-1590283603385-17ffb3a7f29f?w=800&q=80	[{"text": "This is the introductory paragraph for news post 87. It contains some generated text to simulate a real article. The market has shown interesting trends recently.", "type": "paragraph"}, {"text": "Detailed Analysis", "type": "h1"}, {"text": "Here is a deeper dive into the numbers and data. As we can see from the charts, the moving averages have crossed, indicating a potential shift in momentum.", "type": "paragraph"}, {"url": "https://images.unsplash.com/photo-1526304640581-d334cdbbf45e?w=800&q=80", "type": "image", "caption": "Figure 1: Market Trends Overview"}, {"text": "In conclusion, investors should remain cautious but optimistic. Proper risk management remains the key to long-term success.", "type": "paragraph"}]	2026-06-12	Bob Johnson	Market Researcher	["Highlight 1 for news post 87", "Highlight 2 showing key data points", "Highlight 3 summarizing the conclusion"]	\N	breaking	0
94	Test News Post 88: Market Update and Analysis	This is a generated subtitle for the test news post number 88. It provides a brief overview of the content.	test-news-post-88-market-update	news	https://images.unsplash.com/photo-1611162617474-5b21e879e113?w=800&q=80	[{"text": "This is the introductory paragraph for news post 88. It contains some generated text to simulate a real article. The market has shown interesting trends recently.", "type": "paragraph"}, {"text": "Detailed Analysis", "type": "h1"}, {"text": "Here is a deeper dive into the numbers and data. As we can see from the charts, the moving averages have crossed, indicating a potential shift in momentum.", "type": "paragraph"}, {"url": "https://images.unsplash.com/photo-1611162617474-5b21e879e113?w=800&q=80", "type": "image", "caption": "Figure 1: Market Trends Overview"}, {"text": "In conclusion, investors should remain cautious but optimistic. Proper risk management remains the key to long-term success.", "type": "paragraph"}]	2026-06-12	Alice Smith	Senior Analyst	["Highlight 1 for news post 88", "Highlight 2 showing key data points", "Highlight 3 summarizing the conclusion"]	\N	latest	0
96	Test News Post 90: Market Update and Analysis	This is a generated subtitle for the test news post number 90. It provides a brief overview of the content.	test-news-post-90-market-update	news	https://images.unsplash.com/photo-1611974789855-9c2a0a7236a3?w=800&q=80	[{"text": "This is the introductory paragraph for news post 90. It contains some generated text to simulate a real article. The market has shown interesting trends recently.", "type": "paragraph"}, {"text": "Detailed Analysis", "type": "h1"}, {"text": "Here is a deeper dive into the numbers and data. As we can see from the charts, the moving averages have crossed, indicating a potential shift in momentum.", "type": "paragraph"}, {"url": "https://images.unsplash.com/photo-1590283603385-17ffb3a7f29f?w=800&q=80", "type": "image", "caption": "Figure 1: Market Trends Overview"}, {"text": "In conclusion, investors should remain cautious but optimistic. Proper risk management remains the key to long-term success.", "type": "paragraph"}]	2026-06-12	Jose C S	Founder & CEO	["Highlight 1 for news post 90", "Highlight 2 showing key data points", "Highlight 3 summarizing the conclusion"]	\N	breaking	0
97	Test News Post 91: Market Update and Analysis	This is a generated subtitle for the test news post number 91. It provides a brief overview of the content.	test-news-post-91-market-update	news	https://images.unsplash.com/photo-1611974789855-9c2a0a7236a3?w=800&q=80	[{"text": "This is the introductory paragraph for news post 91. It contains some generated text to simulate a real article. The market has shown interesting trends recently.", "type": "paragraph"}, {"text": "Detailed Analysis", "type": "h1"}, {"text": "Here is a deeper dive into the numbers and data. As we can see from the charts, the moving averages have crossed, indicating a potential shift in momentum.", "type": "paragraph"}, {"url": "https://images.unsplash.com/photo-1590283603385-17ffb3a7f29f?w=800&q=80", "type": "image", "caption": "Figure 1: Market Trends Overview"}, {"text": "In conclusion, investors should remain cautious but optimistic. Proper risk management remains the key to long-term success.", "type": "paragraph"}]	2026-06-12	Bob Johnson	Market Researcher	["Highlight 1 for news post 91", "Highlight 2 showing key data points", "Highlight 3 summarizing the conclusion"]	\N	latest	0
98	Test News Post 92: Market Update and Analysis	This is a generated subtitle for the test news post number 92. It provides a brief overview of the content.	test-news-post-92-market-update	news	https://images.unsplash.com/photo-1611162617474-5b21e879e113?w=800&q=80	[{"text": "This is the introductory paragraph for news post 92. It contains some generated text to simulate a real article. The market has shown interesting trends recently.", "type": "paragraph"}, {"text": "Detailed Analysis", "type": "h1"}, {"text": "Here is a deeper dive into the numbers and data. As we can see from the charts, the moving averages have crossed, indicating a potential shift in momentum.", "type": "paragraph"}, {"url": "https://images.unsplash.com/photo-1611162617474-5b21e879e113?w=800&q=80", "type": "image", "caption": "Figure 1: Market Trends Overview"}, {"text": "In conclusion, investors should remain cautious but optimistic. Proper risk management remains the key to long-term success.", "type": "paragraph"}]	2026-06-12	Sarah Jenkins	Tech Reporter	["Highlight 1 for news post 92", "Highlight 2 showing key data points", "Highlight 3 summarizing the conclusion"]	\N	breaking	0
99	Test News Post 93: Market Update and Analysis	This is a generated subtitle for the test news post number 93. It provides a brief overview of the content.	test-news-post-93-market-update	news	https://images.unsplash.com/photo-1526304640581-d334cdbbf45e?w=800&q=80	[{"text": "This is the introductory paragraph for news post 93. It contains some generated text to simulate a real article. The market has shown interesting trends recently.", "type": "paragraph"}, {"text": "Detailed Analysis", "type": "h1"}, {"text": "Here is a deeper dive into the numbers and data. As we can see from the charts, the moving averages have crossed, indicating a potential shift in momentum.", "type": "paragraph"}, {"url": "https://images.unsplash.com/photo-1611162617474-5b21e879e113?w=800&q=80", "type": "image", "caption": "Figure 1: Market Trends Overview"}, {"text": "In conclusion, investors should remain cautious but optimistic. Proper risk management remains the key to long-term success.", "type": "paragraph"}]	2026-06-12	Jose C S	Founder & CEO	["Highlight 1 for news post 93", "Highlight 2 showing key data points", "Highlight 3 summarizing the conclusion"]	\N	hero	0
100	Test News Post 94: Market Update and Analysis	This is a generated subtitle for the test news post number 94. It provides a brief overview of the content.	test-news-post-94-market-update	news	https://images.unsplash.com/photo-1526304640581-d334cdbbf45e?w=800&q=80	[{"text": "This is the introductory paragraph for news post 94. It contains some generated text to simulate a real article. The market has shown interesting trends recently.", "type": "paragraph"}, {"text": "Detailed Analysis", "type": "h1"}, {"text": "Here is a deeper dive into the numbers and data. As we can see from the charts, the moving averages have crossed, indicating a potential shift in momentum.", "type": "paragraph"}, {"url": "https://images.unsplash.com/photo-1611162617474-5b21e879e113?w=800&q=80", "type": "image", "caption": "Figure 1: Market Trends Overview"}, {"text": "In conclusion, investors should remain cautious but optimistic. Proper risk management remains the key to long-term success.", "type": "paragraph"}]	2026-06-12	Jose C S	Founder & CEO	["Highlight 1 for news post 94", "Highlight 2 showing key data points", "Highlight 3 summarizing the conclusion"]	\N	hero	0
102	Test News Post 96: Market Update and Analysis	This is a generated subtitle for the test news post number 96. It provides a brief overview of the content.	test-news-post-96-market-update	news	https://images.unsplash.com/photo-1611974789855-9c2a0a7236a3?w=800&q=80	[{"text": "This is the introductory paragraph for news post 96. It contains some generated text to simulate a real article. The market has shown interesting trends recently.", "type": "paragraph"}, {"text": "Detailed Analysis", "type": "h1"}, {"text": "Here is a deeper dive into the numbers and data. As we can see from the charts, the moving averages have crossed, indicating a potential shift in momentum.", "type": "paragraph"}, {"url": "https://images.unsplash.com/photo-1611974789855-9c2a0a7236a3?w=800&q=80", "type": "image", "caption": "Figure 1: Market Trends Overview"}, {"text": "In conclusion, investors should remain cautious but optimistic. Proper risk management remains the key to long-term success.", "type": "paragraph"}]	2026-06-12	Alice Smith	Senior Analyst	["Highlight 1 for news post 96", "Highlight 2 showing key data points", "Highlight 3 summarizing the conclusion"]	\N	breaking	0
103	Test News Post 97: Market Update and Analysis	This is a generated subtitle for the test news post number 97. It provides a brief overview of the content.	test-news-post-97-market-update	news	https://images.unsplash.com/photo-1611974789855-9c2a0a7236a3?w=800&q=80	[{"text": "This is the introductory paragraph for news post 97. It contains some generated text to simulate a real article. The market has shown interesting trends recently.", "type": "paragraph"}, {"text": "Detailed Analysis", "type": "h1"}, {"text": "Here is a deeper dive into the numbers and data. As we can see from the charts, the moving averages have crossed, indicating a potential shift in momentum.", "type": "paragraph"}, {"url": "https://images.unsplash.com/photo-1590283603385-17ffb3a7f29f?w=800&q=80", "type": "image", "caption": "Figure 1: Market Trends Overview"}, {"text": "In conclusion, investors should remain cautious but optimistic. Proper risk management remains the key to long-term success.", "type": "paragraph"}]	2026-06-12	Bob Johnson	Market Researcher	["Highlight 1 for news post 97", "Highlight 2 showing key data points", "Highlight 3 summarizing the conclusion"]	\N	deep_dive	0
104	Test News Post 98: Market Update and Analysis	This is a generated subtitle for the test news post number 98. It provides a brief overview of the content.	test-news-post-98-market-update	news	https://images.unsplash.com/photo-1611162617474-5b21e879e113?w=800&q=80	[{"text": "This is the introductory paragraph for news post 98. It contains some generated text to simulate a real article. The market has shown interesting trends recently.", "type": "paragraph"}, {"text": "Detailed Analysis", "type": "h1"}, {"text": "Here is a deeper dive into the numbers and data. As we can see from the charts, the moving averages have crossed, indicating a potential shift in momentum.", "type": "paragraph"}, {"url": "https://images.unsplash.com/photo-1526304640581-d334cdbbf45e?w=800&q=80", "type": "image", "caption": "Figure 1: Market Trends Overview"}, {"text": "In conclusion, investors should remain cautious but optimistic. Proper risk management remains the key to long-term success.", "type": "paragraph"}]	2026-06-12	Alice Smith	Senior Analyst	["Highlight 1 for news post 98", "Highlight 2 showing key data points", "Highlight 3 summarizing the conclusion"]	\N	hero	0
105	Test News Post 99: Market Update and Analysis	This is a generated subtitle for the test news post number 99. It provides a brief overview of the content.	test-news-post-99-market-update	news	https://images.unsplash.com/photo-1611974789855-9c2a0a7236a3?w=800&q=80	[{"text": "This is the introductory paragraph for news post 99. It contains some generated text to simulate a real article. The market has shown interesting trends recently.", "type": "paragraph"}, {"text": "Detailed Analysis", "type": "h1"}, {"text": "Here is a deeper dive into the numbers and data. As we can see from the charts, the moving averages have crossed, indicating a potential shift in momentum.", "type": "paragraph"}, {"url": "https://images.unsplash.com/photo-1611162617474-5b21e879e113?w=800&q=80", "type": "image", "caption": "Figure 1: Market Trends Overview"}, {"text": "In conclusion, investors should remain cautious but optimistic. Proper risk management remains the key to long-term success.", "type": "paragraph"}]	2026-06-12	Sarah Jenkins	Tech Reporter	["Highlight 1 for news post 99", "Highlight 2 showing key data points", "Highlight 3 summarizing the conclusion"]	\N	quick_hit	0
106	Test News Post 100: Market Update and Analysis	This is a generated subtitle for the test news post number 100. It provides a brief overview of the content.	test-news-post-100-market-update	news	https://images.unsplash.com/photo-1611974789855-9c2a0a7236a3?w=800&q=80	[{"text": "This is the introductory paragraph for news post 100. It contains some generated text to simulate a real article. The market has shown interesting trends recently.", "type": "paragraph"}, {"text": "Detailed Analysis", "type": "h1"}, {"text": "Here is a deeper dive into the numbers and data. As we can see from the charts, the moving averages have crossed, indicating a potential shift in momentum.", "type": "paragraph"}, {"url": "https://images.unsplash.com/photo-1611162617474-5b21e879e113?w=800&q=80", "type": "image", "caption": "Figure 1: Market Trends Overview"}, {"text": "In conclusion, investors should remain cautious but optimistic. Proper risk management remains the key to long-term success.", "type": "paragraph"}]	2026-06-12	Sarah Jenkins	Tech Reporter	["Highlight 1 for news post 100", "Highlight 2 showing key data points", "Highlight 3 summarizing the conclusion"]	\N	deep_dive	0
23	Test News Post 17: Market Update and Analysis	This is a generated subtitle for the test news post number 17. It provides a brief overview of the content.	test-news-post-17-market-update	news	https://images.unsplash.com/photo-1590283603385-17ffb3a7f29f?w=800&q=80	[{"text": "This is the introductory paragraph for news post 17. It contains some generated text to simulate a real article. The market has shown interesting trends recently.", "type": "paragraph"}, {"text": "Detailed Analysis", "type": "h1"}, {"text": "Here is a deeper dive into the numbers and data. As we can see from the charts, the moving averages have crossed, indicating a potential shift in momentum.", "type": "paragraph"}, {"url": "https://images.unsplash.com/photo-1611162617474-5b21e879e113?w=800&q=80", "type": "image", "caption": "Figure 1: Market Trends Overview"}, {"text": "In conclusion, investors should remain cautious but optimistic. Proper risk management remains the key to long-term success.", "type": "paragraph"}]	2026-06-12	Jose C S	Founder & CEO	["Highlight 1 for news post 17", "Highlight 2 showing key data points", "Highlight 3 summarizing the conclusion"]	\N	hero	0
108	Test Education Post 2: Market Update and Analysis	This is a generated subtitle for the test education post number 2. It provides a brief overview of the content.	test-education-post-2-market-update	education	https://images.unsplash.com/photo-1611974789855-9c2a0a7236a3?w=800&q=80	[{"text": "This is the introductory paragraph for education post 2. It contains some generated text to simulate a real article. The market has shown interesting trends recently.", "type": "paragraph"}, {"text": "Detailed Analysis", "type": "h1"}, {"text": "Here is a deeper dive into the numbers and data. As we can see from the charts, the moving averages have crossed, indicating a potential shift in momentum.", "type": "paragraph"}, {"url": "https://images.unsplash.com/photo-1611974789855-9c2a0a7236a3?w=800&q=80", "type": "image", "caption": "Figure 1: Market Trends Overview"}, {"text": "In conclusion, investors should remain cautious but optimistic. Proper risk management remains the key to long-term success.", "type": "paragraph"}]	2026-06-12	Jose C S	Founder & CEO	["Highlight 1 for education post 2", "Highlight 2 showing key data points", "Highlight 3 summarizing the conclusion"]	2	\N	0
109	Test Education Post 3: Market Update and Analysis	This is a generated subtitle for the test education post number 3. It provides a brief overview of the content.	test-education-post-3-market-update	education	https://images.unsplash.com/photo-1590283603385-17ffb3a7f29f?w=800&q=80	[{"text": "This is the introductory paragraph for education post 3. It contains some generated text to simulate a real article. The market has shown interesting trends recently.", "type": "paragraph"}, {"text": "Detailed Analysis", "type": "h1"}, {"text": "Here is a deeper dive into the numbers and data. As we can see from the charts, the moving averages have crossed, indicating a potential shift in momentum.", "type": "paragraph"}, {"url": "https://images.unsplash.com/photo-1611162617474-5b21e879e113?w=800&q=80", "type": "image", "caption": "Figure 1: Market Trends Overview"}, {"text": "In conclusion, investors should remain cautious but optimistic. Proper risk management remains the key to long-term success.", "type": "paragraph"}]	2026-06-12	Jose C S	Founder & CEO	["Highlight 1 for education post 3", "Highlight 2 showing key data points", "Highlight 3 summarizing the conclusion"]	4	\N	0
111	Test Education Post 5: Market Update and Analysis	This is a generated subtitle for the test education post number 5. It provides a brief overview of the content.	test-education-post-5-market-update	education	https://images.unsplash.com/photo-1590283603385-17ffb3a7f29f?w=800&q=80	[{"text": "This is the introductory paragraph for education post 5. It contains some generated text to simulate a real article. The market has shown interesting trends recently.", "type": "paragraph"}, {"text": "Detailed Analysis", "type": "h1"}, {"text": "Here is a deeper dive into the numbers and data. As we can see from the charts, the moving averages have crossed, indicating a potential shift in momentum.", "type": "paragraph"}, {"url": "https://images.unsplash.com/photo-1611162617474-5b21e879e113?w=800&q=80", "type": "image", "caption": "Figure 1: Market Trends Overview"}, {"text": "In conclusion, investors should remain cautious but optimistic. Proper risk management remains the key to long-term success.", "type": "paragraph"}]	2026-06-12	Bob Johnson	Market Researcher	["Highlight 1 for education post 5", "Highlight 2 showing key data points", "Highlight 3 summarizing the conclusion"]	3	\N	0
112	Test Education Post 6: Market Update and Analysis	This is a generated subtitle for the test education post number 6. It provides a brief overview of the content.	test-education-post-6-market-update	education	https://images.unsplash.com/photo-1611162617474-5b21e879e113?w=800&q=80	[{"text": "This is the introductory paragraph for education post 6. It contains some generated text to simulate a real article. The market has shown interesting trends recently.", "type": "paragraph"}, {"text": "Detailed Analysis", "type": "h1"}, {"text": "Here is a deeper dive into the numbers and data. As we can see from the charts, the moving averages have crossed, indicating a potential shift in momentum.", "type": "paragraph"}, {"url": "https://images.unsplash.com/photo-1526304640581-d334cdbbf45e?w=800&q=80", "type": "image", "caption": "Figure 1: Market Trends Overview"}, {"text": "In conclusion, investors should remain cautious but optimistic. Proper risk management remains the key to long-term success.", "type": "paragraph"}]	2026-06-12	Alice Smith	Senior Analyst	["Highlight 1 for education post 6", "Highlight 2 showing key data points", "Highlight 3 summarizing the conclusion"]	2	\N	0
29	Test News Post 23: Market Update and Analysis	This is a generated subtitle for the test news post number 23. It provides a brief overview of the content.	test-news-post-23-market-update	news	https://images.unsplash.com/photo-1611974789855-9c2a0a7236a3?w=800&q=80	[{"text": "This is the introductory paragraph for news post 23. It contains some generated text to simulate a real article. The market has shown interesting trends recently.", "type": "paragraph"}, {"text": "Detailed Analysis", "type": "h1"}, {"text": "Here is a deeper dive into the numbers and data. As we can see from the charts, the moving averages have crossed, indicating a potential shift in momentum.", "type": "paragraph"}, {"url": "https://images.unsplash.com/photo-1590283603385-17ffb3a7f29f?w=800&q=80", "type": "image", "caption": "Figure 1: Market Trends Overview"}, {"text": "In conclusion, investors should remain cautious but optimistic. Proper risk management remains the key to long-term success.", "type": "paragraph"}]	2026-06-12	Jose C S	Founder & CEO	["Highlight 1 for news post 23", "Highlight 2 showing key data points", "Highlight 3 summarizing the conclusion"]	\N	latest	0
114	Test Education Post 8: Market Update and Analysis	This is a generated subtitle for the test education post number 8. It provides a brief overview of the content.	test-education-post-8-market-update	education	https://images.unsplash.com/photo-1526304640581-d334cdbbf45e?w=800&q=80	[{"text": "This is the introductory paragraph for education post 8. It contains some generated text to simulate a real article. The market has shown interesting trends recently.", "type": "paragraph"}, {"text": "Detailed Analysis", "type": "h1"}, {"text": "Here is a deeper dive into the numbers and data. As we can see from the charts, the moving averages have crossed, indicating a potential shift in momentum.", "type": "paragraph"}, {"url": "https://images.unsplash.com/photo-1590283603385-17ffb3a7f29f?w=800&q=80", "type": "image", "caption": "Figure 1: Market Trends Overview"}, {"text": "In conclusion, investors should remain cautious but optimistic. Proper risk management remains the key to long-term success.", "type": "paragraph"}]	2026-06-12	Sarah Jenkins	Tech Reporter	["Highlight 1 for education post 8", "Highlight 2 showing key data points", "Highlight 3 summarizing the conclusion"]	2	\N	0
115	Test Education Post 9: Market Update and Analysis	This is a generated subtitle for the test education post number 9. It provides a brief overview of the content.	test-education-post-9-market-update	education	https://images.unsplash.com/photo-1526304640581-d334cdbbf45e?w=800&q=80	[{"text": "This is the introductory paragraph for education post 9. It contains some generated text to simulate a real article. The market has shown interesting trends recently.", "type": "paragraph"}, {"text": "Detailed Analysis", "type": "h1"}, {"text": "Here is a deeper dive into the numbers and data. As we can see from the charts, the moving averages have crossed, indicating a potential shift in momentum.", "type": "paragraph"}, {"url": "https://images.unsplash.com/photo-1611162617474-5b21e879e113?w=800&q=80", "type": "image", "caption": "Figure 1: Market Trends Overview"}, {"text": "In conclusion, investors should remain cautious but optimistic. Proper risk management remains the key to long-term success.", "type": "paragraph"}]	2026-06-12	Jose C S	Founder & CEO	["Highlight 1 for education post 9", "Highlight 2 showing key data points", "Highlight 3 summarizing the conclusion"]	2	\N	0
116	Test Education Post 10: Market Update and Analysis	This is a generated subtitle for the test education post number 10. It provides a brief overview of the content.	test-education-post-10-market-update	education	https://images.unsplash.com/photo-1590283603385-17ffb3a7f29f?w=800&q=80	[{"text": "This is the introductory paragraph for education post 10. It contains some generated text to simulate a real article. The market has shown interesting trends recently.", "type": "paragraph"}, {"text": "Detailed Analysis", "type": "h1"}, {"text": "Here is a deeper dive into the numbers and data. As we can see from the charts, the moving averages have crossed, indicating a potential shift in momentum.", "type": "paragraph"}, {"url": "https://images.unsplash.com/photo-1526304640581-d334cdbbf45e?w=800&q=80", "type": "image", "caption": "Figure 1: Market Trends Overview"}, {"text": "In conclusion, investors should remain cautious but optimistic. Proper risk management remains the key to long-term success.", "type": "paragraph"}]	2026-06-12	Bob Johnson	Market Researcher	["Highlight 1 for education post 10", "Highlight 2 showing key data points", "Highlight 3 summarizing the conclusion"]	4	\N	0
117	Test Education Post 11: Market Update and Analysis	This is a generated subtitle for the test education post number 11. It provides a brief overview of the content.	test-education-post-11-market-update	education	https://images.unsplash.com/photo-1590283603385-17ffb3a7f29f?w=800&q=80	[{"text": "This is the introductory paragraph for education post 11. It contains some generated text to simulate a real article. The market has shown interesting trends recently.", "type": "paragraph"}, {"text": "Detailed Analysis", "type": "h1"}, {"text": "Here is a deeper dive into the numbers and data. As we can see from the charts, the moving averages have crossed, indicating a potential shift in momentum.", "type": "paragraph"}, {"url": "https://images.unsplash.com/photo-1611974789855-9c2a0a7236a3?w=800&q=80", "type": "image", "caption": "Figure 1: Market Trends Overview"}, {"text": "In conclusion, investors should remain cautious but optimistic. Proper risk management remains the key to long-term success.", "type": "paragraph"}]	2026-06-12	Alice Smith	Senior Analyst	["Highlight 1 for education post 11", "Highlight 2 showing key data points", "Highlight 3 summarizing the conclusion"]	4	\N	0
118	Test Education Post 12: Market Update and Analysis	This is a generated subtitle for the test education post number 12. It provides a brief overview of the content.	test-education-post-12-market-update	education	https://images.unsplash.com/photo-1526304640581-d334cdbbf45e?w=800&q=80	[{"text": "This is the introductory paragraph for education post 12. It contains some generated text to simulate a real article. The market has shown interesting trends recently.", "type": "paragraph"}, {"text": "Detailed Analysis", "type": "h1"}, {"text": "Here is a deeper dive into the numbers and data. As we can see from the charts, the moving averages have crossed, indicating a potential shift in momentum.", "type": "paragraph"}, {"url": "https://images.unsplash.com/photo-1590283603385-17ffb3a7f29f?w=800&q=80", "type": "image", "caption": "Figure 1: Market Trends Overview"}, {"text": "In conclusion, investors should remain cautious but optimistic. Proper risk management remains the key to long-term success.", "type": "paragraph"}]	2026-06-12	Jose C S	Founder & CEO	["Highlight 1 for education post 12", "Highlight 2 showing key data points", "Highlight 3 summarizing the conclusion"]	2	\N	0
35	Test News Post 29: Market Update and Analysis	This is a generated subtitle for the test news post number 29. It provides a brief overview of the content.	test-news-post-29-market-update	news	https://images.unsplash.com/photo-1526304640581-d334cdbbf45e?w=800&q=80	[{"text": "This is the introductory paragraph for news post 29. It contains some generated text to simulate a real article. The market has shown interesting trends recently.", "type": "paragraph"}, {"text": "Detailed Analysis", "type": "h1"}, {"text": "Here is a deeper dive into the numbers and data. As we can see from the charts, the moving averages have crossed, indicating a potential shift in momentum.", "type": "paragraph"}, {"url": "https://images.unsplash.com/photo-1611162617474-5b21e879e113?w=800&q=80", "type": "image", "caption": "Figure 1: Market Trends Overview"}, {"text": "In conclusion, investors should remain cautious but optimistic. Proper risk management remains the key to long-term success.", "type": "paragraph"}]	2026-06-12	Bob Johnson	Market Researcher	["Highlight 1 for news post 29", "Highlight 2 showing key data points", "Highlight 3 summarizing the conclusion"]	\N	quick_hit	0
120	Test Education Post 14: Market Update and Analysis	This is a generated subtitle for the test education post number 14. It provides a brief overview of the content.	test-education-post-14-market-update	education	https://images.unsplash.com/photo-1590283603385-17ffb3a7f29f?w=800&q=80	[{"text": "This is the introductory paragraph for education post 14. It contains some generated text to simulate a real article. The market has shown interesting trends recently.", "type": "paragraph"}, {"text": "Detailed Analysis", "type": "h1"}, {"text": "Here is a deeper dive into the numbers and data. As we can see from the charts, the moving averages have crossed, indicating a potential shift in momentum.", "type": "paragraph"}, {"url": "https://images.unsplash.com/photo-1611974789855-9c2a0a7236a3?w=800&q=80", "type": "image", "caption": "Figure 1: Market Trends Overview"}, {"text": "In conclusion, investors should remain cautious but optimistic. Proper risk management remains the key to long-term success.", "type": "paragraph"}]	2026-06-12	Bob Johnson	Market Researcher	["Highlight 1 for education post 14", "Highlight 2 showing key data points", "Highlight 3 summarizing the conclusion"]	2	\N	0
121	Test Education Post 15: Market Update and Analysis	This is a generated subtitle for the test education post number 15. It provides a brief overview of the content.	test-education-post-15-market-update	education	https://images.unsplash.com/photo-1611974789855-9c2a0a7236a3?w=800&q=80	[{"text": "This is the introductory paragraph for education post 15. It contains some generated text to simulate a real article. The market has shown interesting trends recently.", "type": "paragraph"}, {"text": "Detailed Analysis", "type": "h1"}, {"text": "Here is a deeper dive into the numbers and data. As we can see from the charts, the moving averages have crossed, indicating a potential shift in momentum.", "type": "paragraph"}, {"url": "https://images.unsplash.com/photo-1611162617474-5b21e879e113?w=800&q=80", "type": "image", "caption": "Figure 1: Market Trends Overview"}, {"text": "In conclusion, investors should remain cautious but optimistic. Proper risk management remains the key to long-term success.", "type": "paragraph"}]	2026-06-12	Bob Johnson	Market Researcher	["Highlight 1 for education post 15", "Highlight 2 showing key data points", "Highlight 3 summarizing the conclusion"]	2	\N	0
122	Test Education Post 16: Market Update and Analysis	This is a generated subtitle for the test education post number 16. It provides a brief overview of the content.	test-education-post-16-market-update	education	https://images.unsplash.com/photo-1590283603385-17ffb3a7f29f?w=800&q=80	[{"text": "This is the introductory paragraph for education post 16. It contains some generated text to simulate a real article. The market has shown interesting trends recently.", "type": "paragraph"}, {"text": "Detailed Analysis", "type": "h1"}, {"text": "Here is a deeper dive into the numbers and data. As we can see from the charts, the moving averages have crossed, indicating a potential shift in momentum.", "type": "paragraph"}, {"url": "https://images.unsplash.com/photo-1526304640581-d334cdbbf45e?w=800&q=80", "type": "image", "caption": "Figure 1: Market Trends Overview"}, {"text": "In conclusion, investors should remain cautious but optimistic. Proper risk management remains the key to long-term success.", "type": "paragraph"}]	2026-06-12	Jose C S	Founder & CEO	["Highlight 1 for education post 16", "Highlight 2 showing key data points", "Highlight 3 summarizing the conclusion"]	4	\N	0
123	Test Education Post 17: Market Update and Analysis	This is a generated subtitle for the test education post number 17. It provides a brief overview of the content.	test-education-post-17-market-update	education	https://images.unsplash.com/photo-1611974789855-9c2a0a7236a3?w=800&q=80	[{"text": "This is the introductory paragraph for education post 17. It contains some generated text to simulate a real article. The market has shown interesting trends recently.", "type": "paragraph"}, {"text": "Detailed Analysis", "type": "h1"}, {"text": "Here is a deeper dive into the numbers and data. As we can see from the charts, the moving averages have crossed, indicating a potential shift in momentum.", "type": "paragraph"}, {"url": "https://images.unsplash.com/photo-1526304640581-d334cdbbf45e?w=800&q=80", "type": "image", "caption": "Figure 1: Market Trends Overview"}, {"text": "In conclusion, investors should remain cautious but optimistic. Proper risk management remains the key to long-term success.", "type": "paragraph"}]	2026-06-12	Sarah Jenkins	Tech Reporter	["Highlight 1 for education post 17", "Highlight 2 showing key data points", "Highlight 3 summarizing the conclusion"]	2	\N	0
124	Test Education Post 18: Market Update and Analysis	This is a generated subtitle for the test education post number 18. It provides a brief overview of the content.	test-education-post-18-market-update	education	https://images.unsplash.com/photo-1526304640581-d334cdbbf45e?w=800&q=80	[{"text": "This is the introductory paragraph for education post 18. It contains some generated text to simulate a real article. The market has shown interesting trends recently.", "type": "paragraph"}, {"text": "Detailed Analysis", "type": "h1"}, {"text": "Here is a deeper dive into the numbers and data. As we can see from the charts, the moving averages have crossed, indicating a potential shift in momentum.", "type": "paragraph"}, {"url": "https://images.unsplash.com/photo-1611162617474-5b21e879e113?w=800&q=80", "type": "image", "caption": "Figure 1: Market Trends Overview"}, {"text": "In conclusion, investors should remain cautious but optimistic. Proper risk management remains the key to long-term success.", "type": "paragraph"}]	2026-06-12	Sarah Jenkins	Tech Reporter	["Highlight 1 for education post 18", "Highlight 2 showing key data points", "Highlight 3 summarizing the conclusion"]	2	\N	0
41	Test News Post 35: Market Update and Analysis	This is a generated subtitle for the test news post number 35. It provides a brief overview of the content.	test-news-post-35-market-update	news	https://images.unsplash.com/photo-1590283603385-17ffb3a7f29f?w=800&q=80	[{"text": "This is the introductory paragraph for news post 35. It contains some generated text to simulate a real article. The market has shown interesting trends recently.", "type": "paragraph"}, {"text": "Detailed Analysis", "type": "h1"}, {"text": "Here is a deeper dive into the numbers and data. As we can see from the charts, the moving averages have crossed, indicating a potential shift in momentum.", "type": "paragraph"}, {"url": "https://images.unsplash.com/photo-1590283603385-17ffb3a7f29f?w=800&q=80", "type": "image", "caption": "Figure 1: Market Trends Overview"}, {"text": "In conclusion, investors should remain cautious but optimistic. Proper risk management remains the key to long-term success.", "type": "paragraph"}]	2026-06-12	Alice Smith	Senior Analyst	["Highlight 1 for news post 35", "Highlight 2 showing key data points", "Highlight 3 summarizing the conclusion"]	\N	breaking	0
126	Test Education Post 20: Market Update and Analysis	This is a generated subtitle for the test education post number 20. It provides a brief overview of the content.	test-education-post-20-market-update	education	https://images.unsplash.com/photo-1611974789855-9c2a0a7236a3?w=800&q=80	[{"text": "This is the introductory paragraph for education post 20. It contains some generated text to simulate a real article. The market has shown interesting trends recently.", "type": "paragraph"}, {"text": "Detailed Analysis", "type": "h1"}, {"text": "Here is a deeper dive into the numbers and data. As we can see from the charts, the moving averages have crossed, indicating a potential shift in momentum.", "type": "paragraph"}, {"url": "https://images.unsplash.com/photo-1611974789855-9c2a0a7236a3?w=800&q=80", "type": "image", "caption": "Figure 1: Market Trends Overview"}, {"text": "In conclusion, investors should remain cautious but optimistic. Proper risk management remains the key to long-term success.", "type": "paragraph"}]	2026-06-12	Bob Johnson	Market Researcher	["Highlight 1 for education post 20", "Highlight 2 showing key data points", "Highlight 3 summarizing the conclusion"]	2	\N	0
127	Test Education Post 21: Market Update and Analysis	This is a generated subtitle for the test education post number 21. It provides a brief overview of the content.	test-education-post-21-market-update	education	https://images.unsplash.com/photo-1526304640581-d334cdbbf45e?w=800&q=80	[{"text": "This is the introductory paragraph for education post 21. It contains some generated text to simulate a real article. The market has shown interesting trends recently.", "type": "paragraph"}, {"text": "Detailed Analysis", "type": "h1"}, {"text": "Here is a deeper dive into the numbers and data. As we can see from the charts, the moving averages have crossed, indicating a potential shift in momentum.", "type": "paragraph"}, {"url": "https://images.unsplash.com/photo-1590283603385-17ffb3a7f29f?w=800&q=80", "type": "image", "caption": "Figure 1: Market Trends Overview"}, {"text": "In conclusion, investors should remain cautious but optimistic. Proper risk management remains the key to long-term success.", "type": "paragraph"}]	2026-06-12	Sarah Jenkins	Tech Reporter	["Highlight 1 for education post 21", "Highlight 2 showing key data points", "Highlight 3 summarizing the conclusion"]	3	\N	0
128	Test Education Post 22: Market Update and Analysis	This is a generated subtitle for the test education post number 22. It provides a brief overview of the content.	test-education-post-22-market-update	education	https://images.unsplash.com/photo-1526304640581-d334cdbbf45e?w=800&q=80	[{"text": "This is the introductory paragraph for education post 22. It contains some generated text to simulate a real article. The market has shown interesting trends recently.", "type": "paragraph"}, {"text": "Detailed Analysis", "type": "h1"}, {"text": "Here is a deeper dive into the numbers and data. As we can see from the charts, the moving averages have crossed, indicating a potential shift in momentum.", "type": "paragraph"}, {"url": "https://images.unsplash.com/photo-1611974789855-9c2a0a7236a3?w=800&q=80", "type": "image", "caption": "Figure 1: Market Trends Overview"}, {"text": "In conclusion, investors should remain cautious but optimistic. Proper risk management remains the key to long-term success.", "type": "paragraph"}]	2026-06-12	Bob Johnson	Market Researcher	["Highlight 1 for education post 22", "Highlight 2 showing key data points", "Highlight 3 summarizing the conclusion"]	2	\N	0
129	Test Education Post 23: Market Update and Analysis	This is a generated subtitle for the test education post number 23. It provides a brief overview of the content.	test-education-post-23-market-update	education	https://images.unsplash.com/photo-1611974789855-9c2a0a7236a3?w=800&q=80	[{"text": "This is the introductory paragraph for education post 23. It contains some generated text to simulate a real article. The market has shown interesting trends recently.", "type": "paragraph"}, {"text": "Detailed Analysis", "type": "h1"}, {"text": "Here is a deeper dive into the numbers and data. As we can see from the charts, the moving averages have crossed, indicating a potential shift in momentum.", "type": "paragraph"}, {"url": "https://images.unsplash.com/photo-1526304640581-d334cdbbf45e?w=800&q=80", "type": "image", "caption": "Figure 1: Market Trends Overview"}, {"text": "In conclusion, investors should remain cautious but optimistic. Proper risk management remains the key to long-term success.", "type": "paragraph"}]	2026-06-12	Bob Johnson	Market Researcher	["Highlight 1 for education post 23", "Highlight 2 showing key data points", "Highlight 3 summarizing the conclusion"]	4	\N	0
130	Test Education Post 24: Market Update and Analysis	This is a generated subtitle for the test education post number 24. It provides a brief overview of the content.	test-education-post-24-market-update	education	https://images.unsplash.com/photo-1611974789855-9c2a0a7236a3?w=800&q=80	[{"text": "This is the introductory paragraph for education post 24. It contains some generated text to simulate a real article. The market has shown interesting trends recently.", "type": "paragraph"}, {"text": "Detailed Analysis", "type": "h1"}, {"text": "Here is a deeper dive into the numbers and data. As we can see from the charts, the moving averages have crossed, indicating a potential shift in momentum.", "type": "paragraph"}, {"url": "https://images.unsplash.com/photo-1611162617474-5b21e879e113?w=800&q=80", "type": "image", "caption": "Figure 1: Market Trends Overview"}, {"text": "In conclusion, investors should remain cautious but optimistic. Proper risk management remains the key to long-term success.", "type": "paragraph"}]	2026-06-12	Bob Johnson	Market Researcher	["Highlight 1 for education post 24", "Highlight 2 showing key data points", "Highlight 3 summarizing the conclusion"]	2	\N	0
47	Test News Post 41: Market Update and Analysis	This is a generated subtitle for the test news post number 41. It provides a brief overview of the content.	test-news-post-41-market-update	news	https://images.unsplash.com/photo-1590283603385-17ffb3a7f29f?w=800&q=80	[{"text": "This is the introductory paragraph for news post 41. It contains some generated text to simulate a real article. The market has shown interesting trends recently.", "type": "paragraph"}, {"text": "Detailed Analysis", "type": "h1"}, {"text": "Here is a deeper dive into the numbers and data. As we can see from the charts, the moving averages have crossed, indicating a potential shift in momentum.", "type": "paragraph"}, {"url": "https://images.unsplash.com/photo-1590283603385-17ffb3a7f29f?w=800&q=80", "type": "image", "caption": "Figure 1: Market Trends Overview"}, {"text": "In conclusion, investors should remain cautious but optimistic. Proper risk management remains the key to long-term success.", "type": "paragraph"}]	2026-06-12	Sarah Jenkins	Tech Reporter	["Highlight 1 for news post 41", "Highlight 2 showing key data points", "Highlight 3 summarizing the conclusion"]	\N	quick_hit	0
132	Test Education Post 26: Market Update and Analysis	This is a generated subtitle for the test education post number 26. It provides a brief overview of the content.	test-education-post-26-market-update	education	https://images.unsplash.com/photo-1590283603385-17ffb3a7f29f?w=800&q=80	[{"text": "This is the introductory paragraph for education post 26. It contains some generated text to simulate a real article. The market has shown interesting trends recently.", "type": "paragraph"}, {"text": "Detailed Analysis", "type": "h1"}, {"text": "Here is a deeper dive into the numbers and data. As we can see from the charts, the moving averages have crossed, indicating a potential shift in momentum.", "type": "paragraph"}, {"url": "https://images.unsplash.com/photo-1526304640581-d334cdbbf45e?w=800&q=80", "type": "image", "caption": "Figure 1: Market Trends Overview"}, {"text": "In conclusion, investors should remain cautious but optimistic. Proper risk management remains the key to long-term success.", "type": "paragraph"}]	2026-06-12	Bob Johnson	Market Researcher	["Highlight 1 for education post 26", "Highlight 2 showing key data points", "Highlight 3 summarizing the conclusion"]	4	\N	0
133	Test Education Post 27: Market Update and Analysis	This is a generated subtitle for the test education post number 27. It provides a brief overview of the content.	test-education-post-27-market-update	education	https://images.unsplash.com/photo-1611162617474-5b21e879e113?w=800&q=80	[{"text": "This is the introductory paragraph for education post 27. It contains some generated text to simulate a real article. The market has shown interesting trends recently.", "type": "paragraph"}, {"text": "Detailed Analysis", "type": "h1"}, {"text": "Here is a deeper dive into the numbers and data. As we can see from the charts, the moving averages have crossed, indicating a potential shift in momentum.", "type": "paragraph"}, {"url": "https://images.unsplash.com/photo-1590283603385-17ffb3a7f29f?w=800&q=80", "type": "image", "caption": "Figure 1: Market Trends Overview"}, {"text": "In conclusion, investors should remain cautious but optimistic. Proper risk management remains the key to long-term success.", "type": "paragraph"}]	2026-06-12	Alice Smith	Senior Analyst	["Highlight 1 for education post 27", "Highlight 2 showing key data points", "Highlight 3 summarizing the conclusion"]	3	\N	0
134	Test Education Post 28: Market Update and Analysis	This is a generated subtitle for the test education post number 28. It provides a brief overview of the content.	test-education-post-28-market-update	education	https://images.unsplash.com/photo-1590283603385-17ffb3a7f29f?w=800&q=80	[{"text": "This is the introductory paragraph for education post 28. It contains some generated text to simulate a real article. The market has shown interesting trends recently.", "type": "paragraph"}, {"text": "Detailed Analysis", "type": "h1"}, {"text": "Here is a deeper dive into the numbers and data. As we can see from the charts, the moving averages have crossed, indicating a potential shift in momentum.", "type": "paragraph"}, {"url": "https://images.unsplash.com/photo-1611974789855-9c2a0a7236a3?w=800&q=80", "type": "image", "caption": "Figure 1: Market Trends Overview"}, {"text": "In conclusion, investors should remain cautious but optimistic. Proper risk management remains the key to long-term success.", "type": "paragraph"}]	2026-06-12	Jose C S	Founder & CEO	["Highlight 1 for education post 28", "Highlight 2 showing key data points", "Highlight 3 summarizing the conclusion"]	4	\N	0
135	Test Education Post 29: Market Update and Analysis	This is a generated subtitle for the test education post number 29. It provides a brief overview of the content.	test-education-post-29-market-update	education	https://images.unsplash.com/photo-1611974789855-9c2a0a7236a3?w=800&q=80	[{"text": "This is the introductory paragraph for education post 29. It contains some generated text to simulate a real article. The market has shown interesting trends recently.", "type": "paragraph"}, {"text": "Detailed Analysis", "type": "h1"}, {"text": "Here is a deeper dive into the numbers and data. As we can see from the charts, the moving averages have crossed, indicating a potential shift in momentum.", "type": "paragraph"}, {"url": "https://images.unsplash.com/photo-1590283603385-17ffb3a7f29f?w=800&q=80", "type": "image", "caption": "Figure 1: Market Trends Overview"}, {"text": "In conclusion, investors should remain cautious but optimistic. Proper risk management remains the key to long-term success.", "type": "paragraph"}]	2026-06-12	Alice Smith	Senior Analyst	["Highlight 1 for education post 29", "Highlight 2 showing key data points", "Highlight 3 summarizing the conclusion"]	3	\N	0
136	Test Education Post 30: Market Update and Analysis	This is a generated subtitle for the test education post number 30. It provides a brief overview of the content.	test-education-post-30-market-update	education	https://images.unsplash.com/photo-1526304640581-d334cdbbf45e?w=800&q=80	[{"text": "This is the introductory paragraph for education post 30. It contains some generated text to simulate a real article. The market has shown interesting trends recently.", "type": "paragraph"}, {"text": "Detailed Analysis", "type": "h1"}, {"text": "Here is a deeper dive into the numbers and data. As we can see from the charts, the moving averages have crossed, indicating a potential shift in momentum.", "type": "paragraph"}, {"url": "https://images.unsplash.com/photo-1590283603385-17ffb3a7f29f?w=800&q=80", "type": "image", "caption": "Figure 1: Market Trends Overview"}, {"text": "In conclusion, investors should remain cautious but optimistic. Proper risk management remains the key to long-term success.", "type": "paragraph"}]	2026-06-12	Jose C S	Founder & CEO	["Highlight 1 for education post 30", "Highlight 2 showing key data points", "Highlight 3 summarizing the conclusion"]	3	\N	0
53	Test News Post 47: Market Update and Analysis	This is a generated subtitle for the test news post number 47. It provides a brief overview of the content.	test-news-post-47-market-update	news	https://images.unsplash.com/photo-1526304640581-d334cdbbf45e?w=800&q=80	[{"text": "This is the introductory paragraph for news post 47. It contains some generated text to simulate a real article. The market has shown interesting trends recently.", "type": "paragraph"}, {"text": "Detailed Analysis", "type": "h1"}, {"text": "Here is a deeper dive into the numbers and data. As we can see from the charts, the moving averages have crossed, indicating a potential shift in momentum.", "type": "paragraph"}, {"url": "https://images.unsplash.com/photo-1526304640581-d334cdbbf45e?w=800&q=80", "type": "image", "caption": "Figure 1: Market Trends Overview"}, {"text": "In conclusion, investors should remain cautious but optimistic. Proper risk management remains the key to long-term success.", "type": "paragraph"}]	2026-06-12	Sarah Jenkins	Tech Reporter	["Highlight 1 for news post 47", "Highlight 2 showing key data points", "Highlight 3 summarizing the conclusion"]	\N	deep_dive	0
138	Test Education Post 32: Market Update and Analysis	This is a generated subtitle for the test education post number 32. It provides a brief overview of the content.	test-education-post-32-market-update	education	https://images.unsplash.com/photo-1590283603385-17ffb3a7f29f?w=800&q=80	[{"text": "This is the introductory paragraph for education post 32. It contains some generated text to simulate a real article. The market has shown interesting trends recently.", "type": "paragraph"}, {"text": "Detailed Analysis", "type": "h1"}, {"text": "Here is a deeper dive into the numbers and data. As we can see from the charts, the moving averages have crossed, indicating a potential shift in momentum.", "type": "paragraph"}, {"url": "https://images.unsplash.com/photo-1590283603385-17ffb3a7f29f?w=800&q=80", "type": "image", "caption": "Figure 1: Market Trends Overview"}, {"text": "In conclusion, investors should remain cautious but optimistic. Proper risk management remains the key to long-term success.", "type": "paragraph"}]	2026-06-12	Jose C S	Founder & CEO	["Highlight 1 for education post 32", "Highlight 2 showing key data points", "Highlight 3 summarizing the conclusion"]	2	\N	0
139	Test Education Post 33: Market Update and Analysis	This is a generated subtitle for the test education post number 33. It provides a brief overview of the content.	test-education-post-33-market-update	education	https://images.unsplash.com/photo-1590283603385-17ffb3a7f29f?w=800&q=80	[{"text": "This is the introductory paragraph for education post 33. It contains some generated text to simulate a real article. The market has shown interesting trends recently.", "type": "paragraph"}, {"text": "Detailed Analysis", "type": "h1"}, {"text": "Here is a deeper dive into the numbers and data. As we can see from the charts, the moving averages have crossed, indicating a potential shift in momentum.", "type": "paragraph"}, {"url": "https://images.unsplash.com/photo-1590283603385-17ffb3a7f29f?w=800&q=80", "type": "image", "caption": "Figure 1: Market Trends Overview"}, {"text": "In conclusion, investors should remain cautious but optimistic. Proper risk management remains the key to long-term success.", "type": "paragraph"}]	2026-06-12	Sarah Jenkins	Tech Reporter	["Highlight 1 for education post 33", "Highlight 2 showing key data points", "Highlight 3 summarizing the conclusion"]	4	\N	0
140	Test Education Post 34: Market Update and Analysis	This is a generated subtitle for the test education post number 34. It provides a brief overview of the content.	test-education-post-34-market-update	education	https://images.unsplash.com/photo-1590283603385-17ffb3a7f29f?w=800&q=80	[{"text": "This is the introductory paragraph for education post 34. It contains some generated text to simulate a real article. The market has shown interesting trends recently.", "type": "paragraph"}, {"text": "Detailed Analysis", "type": "h1"}, {"text": "Here is a deeper dive into the numbers and data. As we can see from the charts, the moving averages have crossed, indicating a potential shift in momentum.", "type": "paragraph"}, {"url": "https://images.unsplash.com/photo-1611974789855-9c2a0a7236a3?w=800&q=80", "type": "image", "caption": "Figure 1: Market Trends Overview"}, {"text": "In conclusion, investors should remain cautious but optimistic. Proper risk management remains the key to long-term success.", "type": "paragraph"}]	2026-06-12	Jose C S	Founder & CEO	["Highlight 1 for education post 34", "Highlight 2 showing key data points", "Highlight 3 summarizing the conclusion"]	2	\N	0
141	Test Education Post 35: Market Update and Analysis	This is a generated subtitle for the test education post number 35. It provides a brief overview of the content.	test-education-post-35-market-update	education	https://images.unsplash.com/photo-1611974789855-9c2a0a7236a3?w=800&q=80	[{"text": "This is the introductory paragraph for education post 35. It contains some generated text to simulate a real article. The market has shown interesting trends recently.", "type": "paragraph"}, {"text": "Detailed Analysis", "type": "h1"}, {"text": "Here is a deeper dive into the numbers and data. As we can see from the charts, the moving averages have crossed, indicating a potential shift in momentum.", "type": "paragraph"}, {"url": "https://images.unsplash.com/photo-1611974789855-9c2a0a7236a3?w=800&q=80", "type": "image", "caption": "Figure 1: Market Trends Overview"}, {"text": "In conclusion, investors should remain cautious but optimistic. Proper risk management remains the key to long-term success.", "type": "paragraph"}]	2026-06-12	Jose C S	Founder & CEO	["Highlight 1 for education post 35", "Highlight 2 showing key data points", "Highlight 3 summarizing the conclusion"]	3	\N	0
142	Test Education Post 36: Market Update and Analysis	This is a generated subtitle for the test education post number 36. It provides a brief overview of the content.	test-education-post-36-market-update	education	https://images.unsplash.com/photo-1611162617474-5b21e879e113?w=800&q=80	[{"text": "This is the introductory paragraph for education post 36. It contains some generated text to simulate a real article. The market has shown interesting trends recently.", "type": "paragraph"}, {"text": "Detailed Analysis", "type": "h1"}, {"text": "Here is a deeper dive into the numbers and data. As we can see from the charts, the moving averages have crossed, indicating a potential shift in momentum.", "type": "paragraph"}, {"url": "https://images.unsplash.com/photo-1590283603385-17ffb3a7f29f?w=800&q=80", "type": "image", "caption": "Figure 1: Market Trends Overview"}, {"text": "In conclusion, investors should remain cautious but optimistic. Proper risk management remains the key to long-term success.", "type": "paragraph"}]	2026-06-12	Sarah Jenkins	Tech Reporter	["Highlight 1 for education post 36", "Highlight 2 showing key data points", "Highlight 3 summarizing the conclusion"]	2	\N	0
59	Test News Post 53: Market Update and Analysis	This is a generated subtitle for the test news post number 53. It provides a brief overview of the content.	test-news-post-53-market-update	news	https://images.unsplash.com/photo-1526304640581-d334cdbbf45e?w=800&q=80	[{"text": "This is the introductory paragraph for news post 53. It contains some generated text to simulate a real article. The market has shown interesting trends recently.", "type": "paragraph"}, {"text": "Detailed Analysis", "type": "h1"}, {"text": "Here is a deeper dive into the numbers and data. As we can see from the charts, the moving averages have crossed, indicating a potential shift in momentum.", "type": "paragraph"}, {"url": "https://images.unsplash.com/photo-1526304640581-d334cdbbf45e?w=800&q=80", "type": "image", "caption": "Figure 1: Market Trends Overview"}, {"text": "In conclusion, investors should remain cautious but optimistic. Proper risk management remains the key to long-term success.", "type": "paragraph"}]	2026-06-12	Bob Johnson	Market Researcher	["Highlight 1 for news post 53", "Highlight 2 showing key data points", "Highlight 3 summarizing the conclusion"]	\N	live_feed	0
144	Test Education Post 38: Market Update and Analysis	This is a generated subtitle for the test education post number 38. It provides a brief overview of the content.	test-education-post-38-market-update	education	https://images.unsplash.com/photo-1590283603385-17ffb3a7f29f?w=800&q=80	[{"text": "This is the introductory paragraph for education post 38. It contains some generated text to simulate a real article. The market has shown interesting trends recently.", "type": "paragraph"}, {"text": "Detailed Analysis", "type": "h1"}, {"text": "Here is a deeper dive into the numbers and data. As we can see from the charts, the moving averages have crossed, indicating a potential shift in momentum.", "type": "paragraph"}, {"url": "https://images.unsplash.com/photo-1590283603385-17ffb3a7f29f?w=800&q=80", "type": "image", "caption": "Figure 1: Market Trends Overview"}, {"text": "In conclusion, investors should remain cautious but optimistic. Proper risk management remains the key to long-term success.", "type": "paragraph"}]	2026-06-12	Sarah Jenkins	Tech Reporter	["Highlight 1 for education post 38", "Highlight 2 showing key data points", "Highlight 3 summarizing the conclusion"]	2	\N	0
145	Test Education Post 39: Market Update and Analysis	This is a generated subtitle for the test education post number 39. It provides a brief overview of the content.	test-education-post-39-market-update	education	https://images.unsplash.com/photo-1611162617474-5b21e879e113?w=800&q=80	[{"text": "This is the introductory paragraph for education post 39. It contains some generated text to simulate a real article. The market has shown interesting trends recently.", "type": "paragraph"}, {"text": "Detailed Analysis", "type": "h1"}, {"text": "Here is a deeper dive into the numbers and data. As we can see from the charts, the moving averages have crossed, indicating a potential shift in momentum.", "type": "paragraph"}, {"url": "https://images.unsplash.com/photo-1611974789855-9c2a0a7236a3?w=800&q=80", "type": "image", "caption": "Figure 1: Market Trends Overview"}, {"text": "In conclusion, investors should remain cautious but optimistic. Proper risk management remains the key to long-term success.", "type": "paragraph"}]	2026-06-12	Jose C S	Founder & CEO	["Highlight 1 for education post 39", "Highlight 2 showing key data points", "Highlight 3 summarizing the conclusion"]	2	\N	0
146	Test Education Post 40: Market Update and Analysis	This is a generated subtitle for the test education post number 40. It provides a brief overview of the content.	test-education-post-40-market-update	education	https://images.unsplash.com/photo-1590283603385-17ffb3a7f29f?w=800&q=80	[{"text": "This is the introductory paragraph for education post 40. It contains some generated text to simulate a real article. The market has shown interesting trends recently.", "type": "paragraph"}, {"text": "Detailed Analysis", "type": "h1"}, {"text": "Here is a deeper dive into the numbers and data. As we can see from the charts, the moving averages have crossed, indicating a potential shift in momentum.", "type": "paragraph"}, {"url": "https://images.unsplash.com/photo-1590283603385-17ffb3a7f29f?w=800&q=80", "type": "image", "caption": "Figure 1: Market Trends Overview"}, {"text": "In conclusion, investors should remain cautious but optimistic. Proper risk management remains the key to long-term success.", "type": "paragraph"}]	2026-06-12	Bob Johnson	Market Researcher	["Highlight 1 for education post 40", "Highlight 2 showing key data points", "Highlight 3 summarizing the conclusion"]	3	\N	0
147	Test Education Post 41: Market Update and Analysis	This is a generated subtitle for the test education post number 41. It provides a brief overview of the content.	test-education-post-41-market-update	education	https://images.unsplash.com/photo-1611162617474-5b21e879e113?w=800&q=80	[{"text": "This is the introductory paragraph for education post 41. It contains some generated text to simulate a real article. The market has shown interesting trends recently.", "type": "paragraph"}, {"text": "Detailed Analysis", "type": "h1"}, {"text": "Here is a deeper dive into the numbers and data. As we can see from the charts, the moving averages have crossed, indicating a potential shift in momentum.", "type": "paragraph"}, {"url": "https://images.unsplash.com/photo-1526304640581-d334cdbbf45e?w=800&q=80", "type": "image", "caption": "Figure 1: Market Trends Overview"}, {"text": "In conclusion, investors should remain cautious but optimistic. Proper risk management remains the key to long-term success.", "type": "paragraph"}]	2026-06-12	Jose C S	Founder & CEO	["Highlight 1 for education post 41", "Highlight 2 showing key data points", "Highlight 3 summarizing the conclusion"]	4	\N	0
148	Test Education Post 42: Market Update and Analysis	This is a generated subtitle for the test education post number 42. It provides a brief overview of the content.	test-education-post-42-market-update	education	https://images.unsplash.com/photo-1611974789855-9c2a0a7236a3?w=800&q=80	[{"text": "This is the introductory paragraph for education post 42. It contains some generated text to simulate a real article. The market has shown interesting trends recently.", "type": "paragraph"}, {"text": "Detailed Analysis", "type": "h1"}, {"text": "Here is a deeper dive into the numbers and data. As we can see from the charts, the moving averages have crossed, indicating a potential shift in momentum.", "type": "paragraph"}, {"url": "https://images.unsplash.com/photo-1611974789855-9c2a0a7236a3?w=800&q=80", "type": "image", "caption": "Figure 1: Market Trends Overview"}, {"text": "In conclusion, investors should remain cautious but optimistic. Proper risk management remains the key to long-term success.", "type": "paragraph"}]	2026-06-12	Bob Johnson	Market Researcher	["Highlight 1 for education post 42", "Highlight 2 showing key data points", "Highlight 3 summarizing the conclusion"]	3	\N	0
65	Test News Post 59: Market Update and Analysis	This is a generated subtitle for the test news post number 59. It provides a brief overview of the content.	test-news-post-59-market-update	news	https://images.unsplash.com/photo-1611974789855-9c2a0a7236a3?w=800&q=80	[{"text": "This is the introductory paragraph for news post 59. It contains some generated text to simulate a real article. The market has shown interesting trends recently.", "type": "paragraph"}, {"text": "Detailed Analysis", "type": "h1"}, {"text": "Here is a deeper dive into the numbers and data. As we can see from the charts, the moving averages have crossed, indicating a potential shift in momentum.", "type": "paragraph"}, {"url": "https://images.unsplash.com/photo-1526304640581-d334cdbbf45e?w=800&q=80", "type": "image", "caption": "Figure 1: Market Trends Overview"}, {"text": "In conclusion, investors should remain cautious but optimistic. Proper risk management remains the key to long-term success.", "type": "paragraph"}]	2026-06-12	Alice Smith	Senior Analyst	["Highlight 1 for news post 59", "Highlight 2 showing key data points", "Highlight 3 summarizing the conclusion"]	\N	hero	0
150	Test Education Post 44: Market Update and Analysis	This is a generated subtitle for the test education post number 44. It provides a brief overview of the content.	test-education-post-44-market-update	education	https://images.unsplash.com/photo-1590283603385-17ffb3a7f29f?w=800&q=80	[{"text": "This is the introductory paragraph for education post 44. It contains some generated text to simulate a real article. The market has shown interesting trends recently.", "type": "paragraph"}, {"text": "Detailed Analysis", "type": "h1"}, {"text": "Here is a deeper dive into the numbers and data. As we can see from the charts, the moving averages have crossed, indicating a potential shift in momentum.", "type": "paragraph"}, {"url": "https://images.unsplash.com/photo-1611974789855-9c2a0a7236a3?w=800&q=80", "type": "image", "caption": "Figure 1: Market Trends Overview"}, {"text": "In conclusion, investors should remain cautious but optimistic. Proper risk management remains the key to long-term success.", "type": "paragraph"}]	2026-06-12	Sarah Jenkins	Tech Reporter	["Highlight 1 for education post 44", "Highlight 2 showing key data points", "Highlight 3 summarizing the conclusion"]	2	\N	0
151	Test Education Post 45: Market Update and Analysis	This is a generated subtitle for the test education post number 45. It provides a brief overview of the content.	test-education-post-45-market-update	education	https://images.unsplash.com/photo-1611974789855-9c2a0a7236a3?w=800&q=80	[{"text": "This is the introductory paragraph for education post 45. It contains some generated text to simulate a real article. The market has shown interesting trends recently.", "type": "paragraph"}, {"text": "Detailed Analysis", "type": "h1"}, {"text": "Here is a deeper dive into the numbers and data. As we can see from the charts, the moving averages have crossed, indicating a potential shift in momentum.", "type": "paragraph"}, {"url": "https://images.unsplash.com/photo-1611162617474-5b21e879e113?w=800&q=80", "type": "image", "caption": "Figure 1: Market Trends Overview"}, {"text": "In conclusion, investors should remain cautious but optimistic. Proper risk management remains the key to long-term success.", "type": "paragraph"}]	2026-06-12	Jose C S	Founder & CEO	["Highlight 1 for education post 45", "Highlight 2 showing key data points", "Highlight 3 summarizing the conclusion"]	4	\N	0
152	Test Education Post 46: Market Update and Analysis	This is a generated subtitle for the test education post number 46. It provides a brief overview of the content.	test-education-post-46-market-update	education	https://images.unsplash.com/photo-1611974789855-9c2a0a7236a3?w=800&q=80	[{"text": "This is the introductory paragraph for education post 46. It contains some generated text to simulate a real article. The market has shown interesting trends recently.", "type": "paragraph"}, {"text": "Detailed Analysis", "type": "h1"}, {"text": "Here is a deeper dive into the numbers and data. As we can see from the charts, the moving averages have crossed, indicating a potential shift in momentum.", "type": "paragraph"}, {"url": "https://images.unsplash.com/photo-1526304640581-d334cdbbf45e?w=800&q=80", "type": "image", "caption": "Figure 1: Market Trends Overview"}, {"text": "In conclusion, investors should remain cautious but optimistic. Proper risk management remains the key to long-term success.", "type": "paragraph"}]	2026-06-12	Sarah Jenkins	Tech Reporter	["Highlight 1 for education post 46", "Highlight 2 showing key data points", "Highlight 3 summarizing the conclusion"]	4	\N	0
153	Test Education Post 47: Market Update and Analysis	This is a generated subtitle for the test education post number 47. It provides a brief overview of the content.	test-education-post-47-market-update	education	https://images.unsplash.com/photo-1590283603385-17ffb3a7f29f?w=800&q=80	[{"text": "This is the introductory paragraph for education post 47. It contains some generated text to simulate a real article. The market has shown interesting trends recently.", "type": "paragraph"}, {"text": "Detailed Analysis", "type": "h1"}, {"text": "Here is a deeper dive into the numbers and data. As we can see from the charts, the moving averages have crossed, indicating a potential shift in momentum.", "type": "paragraph"}, {"url": "https://images.unsplash.com/photo-1526304640581-d334cdbbf45e?w=800&q=80", "type": "image", "caption": "Figure 1: Market Trends Overview"}, {"text": "In conclusion, investors should remain cautious but optimistic. Proper risk management remains the key to long-term success.", "type": "paragraph"}]	2026-06-12	Bob Johnson	Market Researcher	["Highlight 1 for education post 47", "Highlight 2 showing key data points", "Highlight 3 summarizing the conclusion"]	4	\N	0
154	Test Education Post 48: Market Update and Analysis	This is a generated subtitle for the test education post number 48. It provides a brief overview of the content.	test-education-post-48-market-update	education	https://images.unsplash.com/photo-1611974789855-9c2a0a7236a3?w=800&q=80	[{"text": "This is the introductory paragraph for education post 48. It contains some generated text to simulate a real article. The market has shown interesting trends recently.", "type": "paragraph"}, {"text": "Detailed Analysis", "type": "h1"}, {"text": "Here is a deeper dive into the numbers and data. As we can see from the charts, the moving averages have crossed, indicating a potential shift in momentum.", "type": "paragraph"}, {"url": "https://images.unsplash.com/photo-1590283603385-17ffb3a7f29f?w=800&q=80", "type": "image", "caption": "Figure 1: Market Trends Overview"}, {"text": "In conclusion, investors should remain cautious but optimistic. Proper risk management remains the key to long-term success.", "type": "paragraph"}]	2026-06-12	Jose C S	Founder & CEO	["Highlight 1 for education post 48", "Highlight 2 showing key data points", "Highlight 3 summarizing the conclusion"]	2	\N	0
71	Test News Post 65: Market Update and Analysis	This is a generated subtitle for the test news post number 65. It provides a brief overview of the content.	test-news-post-65-market-update	news	https://images.unsplash.com/photo-1526304640581-d334cdbbf45e?w=800&q=80	[{"text": "This is the introductory paragraph for news post 65. It contains some generated text to simulate a real article. The market has shown interesting trends recently.", "type": "paragraph"}, {"text": "Detailed Analysis", "type": "h1"}, {"text": "Here is a deeper dive into the numbers and data. As we can see from the charts, the moving averages have crossed, indicating a potential shift in momentum.", "type": "paragraph"}, {"url": "https://images.unsplash.com/photo-1590283603385-17ffb3a7f29f?w=800&q=80", "type": "image", "caption": "Figure 1: Market Trends Overview"}, {"text": "In conclusion, investors should remain cautious but optimistic. Proper risk management remains the key to long-term success.", "type": "paragraph"}]	2026-06-12	Bob Johnson	Market Researcher	["Highlight 1 for news post 65", "Highlight 2 showing key data points", "Highlight 3 summarizing the conclusion"]	\N	hero	0
156	Test Education Post 50: Market Update and Analysis	This is a generated subtitle for the test education post number 50. It provides a brief overview of the content.	test-education-post-50-market-update	education	https://images.unsplash.com/photo-1590283603385-17ffb3a7f29f?w=800&q=80	[{"text": "This is the introductory paragraph for education post 50. It contains some generated text to simulate a real article. The market has shown interesting trends recently.", "type": "paragraph"}, {"text": "Detailed Analysis", "type": "h1"}, {"text": "Here is a deeper dive into the numbers and data. As we can see from the charts, the moving averages have crossed, indicating a potential shift in momentum.", "type": "paragraph"}, {"url": "https://images.unsplash.com/photo-1611162617474-5b21e879e113?w=800&q=80", "type": "image", "caption": "Figure 1: Market Trends Overview"}, {"text": "In conclusion, investors should remain cautious but optimistic. Proper risk management remains the key to long-term success.", "type": "paragraph"}]	2026-06-12	Bob Johnson	Market Researcher	["Highlight 1 for education post 50", "Highlight 2 showing key data points", "Highlight 3 summarizing the conclusion"]	3	\N	0
157	Test Education Post 51: Market Update and Analysis	This is a generated subtitle for the test education post number 51. It provides a brief overview of the content.	test-education-post-51-market-update	education	https://images.unsplash.com/photo-1611974789855-9c2a0a7236a3?w=800&q=80	[{"text": "This is the introductory paragraph for education post 51. It contains some generated text to simulate a real article. The market has shown interesting trends recently.", "type": "paragraph"}, {"text": "Detailed Analysis", "type": "h1"}, {"text": "Here is a deeper dive into the numbers and data. As we can see from the charts, the moving averages have crossed, indicating a potential shift in momentum.", "type": "paragraph"}, {"url": "https://images.unsplash.com/photo-1590283603385-17ffb3a7f29f?w=800&q=80", "type": "image", "caption": "Figure 1: Market Trends Overview"}, {"text": "In conclusion, investors should remain cautious but optimistic. Proper risk management remains the key to long-term success.", "type": "paragraph"}]	2026-06-12	Bob Johnson	Market Researcher	["Highlight 1 for education post 51", "Highlight 2 showing key data points", "Highlight 3 summarizing the conclusion"]	4	\N	0
158	Test Education Post 52: Market Update and Analysis	This is a generated subtitle for the test education post number 52. It provides a brief overview of the content.	test-education-post-52-market-update	education	https://images.unsplash.com/photo-1611162617474-5b21e879e113?w=800&q=80	[{"text": "This is the introductory paragraph for education post 52. It contains some generated text to simulate a real article. The market has shown interesting trends recently.", "type": "paragraph"}, {"text": "Detailed Analysis", "type": "h1"}, {"text": "Here is a deeper dive into the numbers and data. As we can see from the charts, the moving averages have crossed, indicating a potential shift in momentum.", "type": "paragraph"}, {"url": "https://images.unsplash.com/photo-1611974789855-9c2a0a7236a3?w=800&q=80", "type": "image", "caption": "Figure 1: Market Trends Overview"}, {"text": "In conclusion, investors should remain cautious but optimistic. Proper risk management remains the key to long-term success.", "type": "paragraph"}]	2026-06-12	Bob Johnson	Market Researcher	["Highlight 1 for education post 52", "Highlight 2 showing key data points", "Highlight 3 summarizing the conclusion"]	3	\N	0
159	Test Education Post 53: Market Update and Analysis	This is a generated subtitle for the test education post number 53. It provides a brief overview of the content.	test-education-post-53-market-update	education	https://images.unsplash.com/photo-1611162617474-5b21e879e113?w=800&q=80	[{"text": "This is the introductory paragraph for education post 53. It contains some generated text to simulate a real article. The market has shown interesting trends recently.", "type": "paragraph"}, {"text": "Detailed Analysis", "type": "h1"}, {"text": "Here is a deeper dive into the numbers and data. As we can see from the charts, the moving averages have crossed, indicating a potential shift in momentum.", "type": "paragraph"}, {"url": "https://images.unsplash.com/photo-1611162617474-5b21e879e113?w=800&q=80", "type": "image", "caption": "Figure 1: Market Trends Overview"}, {"text": "In conclusion, investors should remain cautious but optimistic. Proper risk management remains the key to long-term success.", "type": "paragraph"}]	2026-06-12	Bob Johnson	Market Researcher	["Highlight 1 for education post 53", "Highlight 2 showing key data points", "Highlight 3 summarizing the conclusion"]	3	\N	0
160	Test Education Post 54: Market Update and Analysis	This is a generated subtitle for the test education post number 54. It provides a brief overview of the content.	test-education-post-54-market-update	education	https://images.unsplash.com/photo-1611974789855-9c2a0a7236a3?w=800&q=80	[{"text": "This is the introductory paragraph for education post 54. It contains some generated text to simulate a real article. The market has shown interesting trends recently.", "type": "paragraph"}, {"text": "Detailed Analysis", "type": "h1"}, {"text": "Here is a deeper dive into the numbers and data. As we can see from the charts, the moving averages have crossed, indicating a potential shift in momentum.", "type": "paragraph"}, {"url": "https://images.unsplash.com/photo-1526304640581-d334cdbbf45e?w=800&q=80", "type": "image", "caption": "Figure 1: Market Trends Overview"}, {"text": "In conclusion, investors should remain cautious but optimistic. Proper risk management remains the key to long-term success.", "type": "paragraph"}]	2026-06-12	Jose C S	Founder & CEO	["Highlight 1 for education post 54", "Highlight 2 showing key data points", "Highlight 3 summarizing the conclusion"]	4	\N	0
77	Test News Post 71: Market Update and Analysis	This is a generated subtitle for the test news post number 71. It provides a brief overview of the content.	test-news-post-71-market-update	news	https://images.unsplash.com/photo-1590283603385-17ffb3a7f29f?w=800&q=80	[{"text": "This is the introductory paragraph for news post 71. It contains some generated text to simulate a real article. The market has shown interesting trends recently.", "type": "paragraph"}, {"text": "Detailed Analysis", "type": "h1"}, {"text": "Here is a deeper dive into the numbers and data. As we can see from the charts, the moving averages have crossed, indicating a potential shift in momentum.", "type": "paragraph"}, {"url": "https://images.unsplash.com/photo-1611974789855-9c2a0a7236a3?w=800&q=80", "type": "image", "caption": "Figure 1: Market Trends Overview"}, {"text": "In conclusion, investors should remain cautious but optimistic. Proper risk management remains the key to long-term success.", "type": "paragraph"}]	2026-06-12	Sarah Jenkins	Tech Reporter	["Highlight 1 for news post 71", "Highlight 2 showing key data points", "Highlight 3 summarizing the conclusion"]	\N	hero	0
162	Test Education Post 56: Market Update and Analysis	This is a generated subtitle for the test education post number 56. It provides a brief overview of the content.	test-education-post-56-market-update	education	https://images.unsplash.com/photo-1590283603385-17ffb3a7f29f?w=800&q=80	[{"text": "This is the introductory paragraph for education post 56. It contains some generated text to simulate a real article. The market has shown interesting trends recently.", "type": "paragraph"}, {"text": "Detailed Analysis", "type": "h1"}, {"text": "Here is a deeper dive into the numbers and data. As we can see from the charts, the moving averages have crossed, indicating a potential shift in momentum.", "type": "paragraph"}, {"url": "https://images.unsplash.com/photo-1611974789855-9c2a0a7236a3?w=800&q=80", "type": "image", "caption": "Figure 1: Market Trends Overview"}, {"text": "In conclusion, investors should remain cautious but optimistic. Proper risk management remains the key to long-term success.", "type": "paragraph"}]	2026-06-12	Bob Johnson	Market Researcher	["Highlight 1 for education post 56", "Highlight 2 showing key data points", "Highlight 3 summarizing the conclusion"]	3	\N	0
163	Test Education Post 57: Market Update and Analysis	This is a generated subtitle for the test education post number 57. It provides a brief overview of the content.	test-education-post-57-market-update	education	https://images.unsplash.com/photo-1526304640581-d334cdbbf45e?w=800&q=80	[{"text": "This is the introductory paragraph for education post 57. It contains some generated text to simulate a real article. The market has shown interesting trends recently.", "type": "paragraph"}, {"text": "Detailed Analysis", "type": "h1"}, {"text": "Here is a deeper dive into the numbers and data. As we can see from the charts, the moving averages have crossed, indicating a potential shift in momentum.", "type": "paragraph"}, {"url": "https://images.unsplash.com/photo-1526304640581-d334cdbbf45e?w=800&q=80", "type": "image", "caption": "Figure 1: Market Trends Overview"}, {"text": "In conclusion, investors should remain cautious but optimistic. Proper risk management remains the key to long-term success.", "type": "paragraph"}]	2026-06-12	Sarah Jenkins	Tech Reporter	["Highlight 1 for education post 57", "Highlight 2 showing key data points", "Highlight 3 summarizing the conclusion"]	2	\N	0
164	Test Education Post 58: Market Update and Analysis	This is a generated subtitle for the test education post number 58. It provides a brief overview of the content.	test-education-post-58-market-update	education	https://images.unsplash.com/photo-1590283603385-17ffb3a7f29f?w=800&q=80	[{"text": "This is the introductory paragraph for education post 58. It contains some generated text to simulate a real article. The market has shown interesting trends recently.", "type": "paragraph"}, {"text": "Detailed Analysis", "type": "h1"}, {"text": "Here is a deeper dive into the numbers and data. As we can see from the charts, the moving averages have crossed, indicating a potential shift in momentum.", "type": "paragraph"}, {"url": "https://images.unsplash.com/photo-1611974789855-9c2a0a7236a3?w=800&q=80", "type": "image", "caption": "Figure 1: Market Trends Overview"}, {"text": "In conclusion, investors should remain cautious but optimistic. Proper risk management remains the key to long-term success.", "type": "paragraph"}]	2026-06-12	Sarah Jenkins	Tech Reporter	["Highlight 1 for education post 58", "Highlight 2 showing key data points", "Highlight 3 summarizing the conclusion"]	2	\N	0
165	Test Education Post 59: Market Update and Analysis	This is a generated subtitle for the test education post number 59. It provides a brief overview of the content.	test-education-post-59-market-update	education	https://images.unsplash.com/photo-1611162617474-5b21e879e113?w=800&q=80	[{"text": "This is the introductory paragraph for education post 59. It contains some generated text to simulate a real article. The market has shown interesting trends recently.", "type": "paragraph"}, {"text": "Detailed Analysis", "type": "h1"}, {"text": "Here is a deeper dive into the numbers and data. As we can see from the charts, the moving averages have crossed, indicating a potential shift in momentum.", "type": "paragraph"}, {"url": "https://images.unsplash.com/photo-1590283603385-17ffb3a7f29f?w=800&q=80", "type": "image", "caption": "Figure 1: Market Trends Overview"}, {"text": "In conclusion, investors should remain cautious but optimistic. Proper risk management remains the key to long-term success.", "type": "paragraph"}]	2026-06-12	Bob Johnson	Market Researcher	["Highlight 1 for education post 59", "Highlight 2 showing key data points", "Highlight 3 summarizing the conclusion"]	4	\N	0
166	Test Education Post 60: Market Update and Analysis	This is a generated subtitle for the test education post number 60. It provides a brief overview of the content.	test-education-post-60-market-update	education	https://images.unsplash.com/photo-1611974789855-9c2a0a7236a3?w=800&q=80	[{"text": "This is the introductory paragraph for education post 60. It contains some generated text to simulate a real article. The market has shown interesting trends recently.", "type": "paragraph"}, {"text": "Detailed Analysis", "type": "h1"}, {"text": "Here is a deeper dive into the numbers and data. As we can see from the charts, the moving averages have crossed, indicating a potential shift in momentum.", "type": "paragraph"}, {"url": "https://images.unsplash.com/photo-1611974789855-9c2a0a7236a3?w=800&q=80", "type": "image", "caption": "Figure 1: Market Trends Overview"}, {"text": "In conclusion, investors should remain cautious but optimistic. Proper risk management remains the key to long-term success.", "type": "paragraph"}]	2026-06-12	Sarah Jenkins	Tech Reporter	["Highlight 1 for education post 60", "Highlight 2 showing key data points", "Highlight 3 summarizing the conclusion"]	2	\N	0
83	Test News Post 77: Market Update and Analysis	This is a generated subtitle for the test news post number 77. It provides a brief overview of the content.	test-news-post-77-market-update	news	https://images.unsplash.com/photo-1526304640581-d334cdbbf45e?w=800&q=80	[{"text": "This is the introductory paragraph for news post 77. It contains some generated text to simulate a real article. The market has shown interesting trends recently.", "type": "paragraph"}, {"text": "Detailed Analysis", "type": "h1"}, {"text": "Here is a deeper dive into the numbers and data. As we can see from the charts, the moving averages have crossed, indicating a potential shift in momentum.", "type": "paragraph"}, {"url": "https://images.unsplash.com/photo-1611162617474-5b21e879e113?w=800&q=80", "type": "image", "caption": "Figure 1: Market Trends Overview"}, {"text": "In conclusion, investors should remain cautious but optimistic. Proper risk management remains the key to long-term success.", "type": "paragraph"}]	2026-06-12	Bob Johnson	Market Researcher	["Highlight 1 for news post 77", "Highlight 2 showing key data points", "Highlight 3 summarizing the conclusion"]	\N	hero	0
168	Test Education Post 62: Market Update and Analysis	This is a generated subtitle for the test education post number 62. It provides a brief overview of the content.	test-education-post-62-market-update	education	https://images.unsplash.com/photo-1590283603385-17ffb3a7f29f?w=800&q=80	[{"text": "This is the introductory paragraph for education post 62. It contains some generated text to simulate a real article. The market has shown interesting trends recently.", "type": "paragraph"}, {"text": "Detailed Analysis", "type": "h1"}, {"text": "Here is a deeper dive into the numbers and data. As we can see from the charts, the moving averages have crossed, indicating a potential shift in momentum.", "type": "paragraph"}, {"url": "https://images.unsplash.com/photo-1526304640581-d334cdbbf45e?w=800&q=80", "type": "image", "caption": "Figure 1: Market Trends Overview"}, {"text": "In conclusion, investors should remain cautious but optimistic. Proper risk management remains the key to long-term success.", "type": "paragraph"}]	2026-06-12	Bob Johnson	Market Researcher	["Highlight 1 for education post 62", "Highlight 2 showing key data points", "Highlight 3 summarizing the conclusion"]	2	\N	0
169	Test Education Post 63: Market Update and Analysis	This is a generated subtitle for the test education post number 63. It provides a brief overview of the content.	test-education-post-63-market-update	education	https://images.unsplash.com/photo-1590283603385-17ffb3a7f29f?w=800&q=80	[{"text": "This is the introductory paragraph for education post 63. It contains some generated text to simulate a real article. The market has shown interesting trends recently.", "type": "paragraph"}, {"text": "Detailed Analysis", "type": "h1"}, {"text": "Here is a deeper dive into the numbers and data. As we can see from the charts, the moving averages have crossed, indicating a potential shift in momentum.", "type": "paragraph"}, {"url": "https://images.unsplash.com/photo-1611974789855-9c2a0a7236a3?w=800&q=80", "type": "image", "caption": "Figure 1: Market Trends Overview"}, {"text": "In conclusion, investors should remain cautious but optimistic. Proper risk management remains the key to long-term success.", "type": "paragraph"}]	2026-06-12	Bob Johnson	Market Researcher	["Highlight 1 for education post 63", "Highlight 2 showing key data points", "Highlight 3 summarizing the conclusion"]	2	\N	0
170	Test Education Post 64: Market Update and Analysis	This is a generated subtitle for the test education post number 64. It provides a brief overview of the content.	test-education-post-64-market-update	education	https://images.unsplash.com/photo-1611974789855-9c2a0a7236a3?w=800&q=80	[{"text": "This is the introductory paragraph for education post 64. It contains some generated text to simulate a real article. The market has shown interesting trends recently.", "type": "paragraph"}, {"text": "Detailed Analysis", "type": "h1"}, {"text": "Here is a deeper dive into the numbers and data. As we can see from the charts, the moving averages have crossed, indicating a potential shift in momentum.", "type": "paragraph"}, {"url": "https://images.unsplash.com/photo-1611162617474-5b21e879e113?w=800&q=80", "type": "image", "caption": "Figure 1: Market Trends Overview"}, {"text": "In conclusion, investors should remain cautious but optimistic. Proper risk management remains the key to long-term success.", "type": "paragraph"}]	2026-06-12	Jose C S	Founder & CEO	["Highlight 1 for education post 64", "Highlight 2 showing key data points", "Highlight 3 summarizing the conclusion"]	2	\N	0
171	Test Education Post 65: Market Update and Analysis	This is a generated subtitle for the test education post number 65. It provides a brief overview of the content.	test-education-post-65-market-update	education	https://images.unsplash.com/photo-1590283603385-17ffb3a7f29f?w=800&q=80	[{"text": "This is the introductory paragraph for education post 65. It contains some generated text to simulate a real article. The market has shown interesting trends recently.", "type": "paragraph"}, {"text": "Detailed Analysis", "type": "h1"}, {"text": "Here is a deeper dive into the numbers and data. As we can see from the charts, the moving averages have crossed, indicating a potential shift in momentum.", "type": "paragraph"}, {"url": "https://images.unsplash.com/photo-1590283603385-17ffb3a7f29f?w=800&q=80", "type": "image", "caption": "Figure 1: Market Trends Overview"}, {"text": "In conclusion, investors should remain cautious but optimistic. Proper risk management remains the key to long-term success.", "type": "paragraph"}]	2026-06-12	Sarah Jenkins	Tech Reporter	["Highlight 1 for education post 65", "Highlight 2 showing key data points", "Highlight 3 summarizing the conclusion"]	3	\N	0
172	Test Education Post 66: Market Update and Analysis	This is a generated subtitle for the test education post number 66. It provides a brief overview of the content.	test-education-post-66-market-update	education	https://images.unsplash.com/photo-1590283603385-17ffb3a7f29f?w=800&q=80	[{"text": "This is the introductory paragraph for education post 66. It contains some generated text to simulate a real article. The market has shown interesting trends recently.", "type": "paragraph"}, {"text": "Detailed Analysis", "type": "h1"}, {"text": "Here is a deeper dive into the numbers and data. As we can see from the charts, the moving averages have crossed, indicating a potential shift in momentum.", "type": "paragraph"}, {"url": "https://images.unsplash.com/photo-1611974789855-9c2a0a7236a3?w=800&q=80", "type": "image", "caption": "Figure 1: Market Trends Overview"}, {"text": "In conclusion, investors should remain cautious but optimistic. Proper risk management remains the key to long-term success.", "type": "paragraph"}]	2026-06-12	Jose C S	Founder & CEO	["Highlight 1 for education post 66", "Highlight 2 showing key data points", "Highlight 3 summarizing the conclusion"]	3	\N	0
89	Test News Post 83: Market Update and Analysis	This is a generated subtitle for the test news post number 83. It provides a brief overview of the content.	test-news-post-83-market-update	news	https://images.unsplash.com/photo-1611974789855-9c2a0a7236a3?w=800&q=80	[{"text": "This is the introductory paragraph for news post 83. It contains some generated text to simulate a real article. The market has shown interesting trends recently.", "type": "paragraph"}, {"text": "Detailed Analysis", "type": "h1"}, {"text": "Here is a deeper dive into the numbers and data. As we can see from the charts, the moving averages have crossed, indicating a potential shift in momentum.", "type": "paragraph"}, {"url": "https://images.unsplash.com/photo-1526304640581-d334cdbbf45e?w=800&q=80", "type": "image", "caption": "Figure 1: Market Trends Overview"}, {"text": "In conclusion, investors should remain cautious but optimistic. Proper risk management remains the key to long-term success.", "type": "paragraph"}]	2026-06-12	Jose C S	Founder & CEO	["Highlight 1 for news post 83", "Highlight 2 showing key data points", "Highlight 3 summarizing the conclusion"]	\N	hero	0
174	Test Education Post 68: Market Update and Analysis	This is a generated subtitle for the test education post number 68. It provides a brief overview of the content.	test-education-post-68-market-update	education	https://images.unsplash.com/photo-1526304640581-d334cdbbf45e?w=800&q=80	[{"text": "This is the introductory paragraph for education post 68. It contains some generated text to simulate a real article. The market has shown interesting trends recently.", "type": "paragraph"}, {"text": "Detailed Analysis", "type": "h1"}, {"text": "Here is a deeper dive into the numbers and data. As we can see from the charts, the moving averages have crossed, indicating a potential shift in momentum.", "type": "paragraph"}, {"url": "https://images.unsplash.com/photo-1590283603385-17ffb3a7f29f?w=800&q=80", "type": "image", "caption": "Figure 1: Market Trends Overview"}, {"text": "In conclusion, investors should remain cautious but optimistic. Proper risk management remains the key to long-term success.", "type": "paragraph"}]	2026-06-12	Bob Johnson	Market Researcher	["Highlight 1 for education post 68", "Highlight 2 showing key data points", "Highlight 3 summarizing the conclusion"]	3	\N	0
175	Test Education Post 69: Market Update and Analysis	This is a generated subtitle for the test education post number 69. It provides a brief overview of the content.	test-education-post-69-market-update	education	https://images.unsplash.com/photo-1526304640581-d334cdbbf45e?w=800&q=80	[{"text": "This is the introductory paragraph for education post 69. It contains some generated text to simulate a real article. The market has shown interesting trends recently.", "type": "paragraph"}, {"text": "Detailed Analysis", "type": "h1"}, {"text": "Here is a deeper dive into the numbers and data. As we can see from the charts, the moving averages have crossed, indicating a potential shift in momentum.", "type": "paragraph"}, {"url": "https://images.unsplash.com/photo-1526304640581-d334cdbbf45e?w=800&q=80", "type": "image", "caption": "Figure 1: Market Trends Overview"}, {"text": "In conclusion, investors should remain cautious but optimistic. Proper risk management remains the key to long-term success.", "type": "paragraph"}]	2026-06-12	Alice Smith	Senior Analyst	["Highlight 1 for education post 69", "Highlight 2 showing key data points", "Highlight 3 summarizing the conclusion"]	2	\N	0
176	Test Education Post 70: Market Update and Analysis	This is a generated subtitle for the test education post number 70. It provides a brief overview of the content.	test-education-post-70-market-update	education	https://images.unsplash.com/photo-1590283603385-17ffb3a7f29f?w=800&q=80	[{"text": "This is the introductory paragraph for education post 70. It contains some generated text to simulate a real article. The market has shown interesting trends recently.", "type": "paragraph"}, {"text": "Detailed Analysis", "type": "h1"}, {"text": "Here is a deeper dive into the numbers and data. As we can see from the charts, the moving averages have crossed, indicating a potential shift in momentum.", "type": "paragraph"}, {"url": "https://images.unsplash.com/photo-1526304640581-d334cdbbf45e?w=800&q=80", "type": "image", "caption": "Figure 1: Market Trends Overview"}, {"text": "In conclusion, investors should remain cautious but optimistic. Proper risk management remains the key to long-term success.", "type": "paragraph"}]	2026-06-12	Bob Johnson	Market Researcher	["Highlight 1 for education post 70", "Highlight 2 showing key data points", "Highlight 3 summarizing the conclusion"]	3	\N	0
177	Test Education Post 71: Market Update and Analysis	This is a generated subtitle for the test education post number 71. It provides a brief overview of the content.	test-education-post-71-market-update	education	https://images.unsplash.com/photo-1611974789855-9c2a0a7236a3?w=800&q=80	[{"text": "This is the introductory paragraph for education post 71. It contains some generated text to simulate a real article. The market has shown interesting trends recently.", "type": "paragraph"}, {"text": "Detailed Analysis", "type": "h1"}, {"text": "Here is a deeper dive into the numbers and data. As we can see from the charts, the moving averages have crossed, indicating a potential shift in momentum.", "type": "paragraph"}, {"url": "https://images.unsplash.com/photo-1526304640581-d334cdbbf45e?w=800&q=80", "type": "image", "caption": "Figure 1: Market Trends Overview"}, {"text": "In conclusion, investors should remain cautious but optimistic. Proper risk management remains the key to long-term success.", "type": "paragraph"}]	2026-06-12	Sarah Jenkins	Tech Reporter	["Highlight 1 for education post 71", "Highlight 2 showing key data points", "Highlight 3 summarizing the conclusion"]	3	\N	0
178	Test Education Post 72: Market Update and Analysis	This is a generated subtitle for the test education post number 72. It provides a brief overview of the content.	test-education-post-72-market-update	education	https://images.unsplash.com/photo-1611974789855-9c2a0a7236a3?w=800&q=80	[{"text": "This is the introductory paragraph for education post 72. It contains some generated text to simulate a real article. The market has shown interesting trends recently.", "type": "paragraph"}, {"text": "Detailed Analysis", "type": "h1"}, {"text": "Here is a deeper dive into the numbers and data. As we can see from the charts, the moving averages have crossed, indicating a potential shift in momentum.", "type": "paragraph"}, {"url": "https://images.unsplash.com/photo-1590283603385-17ffb3a7f29f?w=800&q=80", "type": "image", "caption": "Figure 1: Market Trends Overview"}, {"text": "In conclusion, investors should remain cautious but optimistic. Proper risk management remains the key to long-term success.", "type": "paragraph"}]	2026-06-12	Bob Johnson	Market Researcher	["Highlight 1 for education post 72", "Highlight 2 showing key data points", "Highlight 3 summarizing the conclusion"]	3	\N	0
95	Test News Post 89: Market Update and Analysis	This is a generated subtitle for the test news post number 89. It provides a brief overview of the content.	test-news-post-89-market-update	news	https://images.unsplash.com/photo-1611974789855-9c2a0a7236a3?w=800&q=80	[{"text": "This is the introductory paragraph for news post 89. It contains some generated text to simulate a real article. The market has shown interesting trends recently.", "type": "paragraph"}, {"text": "Detailed Analysis", "type": "h1"}, {"text": "Here is a deeper dive into the numbers and data. As we can see from the charts, the moving averages have crossed, indicating a potential shift in momentum.", "type": "paragraph"}, {"url": "https://images.unsplash.com/photo-1611162617474-5b21e879e113?w=800&q=80", "type": "image", "caption": "Figure 1: Market Trends Overview"}, {"text": "In conclusion, investors should remain cautious but optimistic. Proper risk management remains the key to long-term success.", "type": "paragraph"}]	2026-06-12	Jose C S	Founder & CEO	["Highlight 1 for news post 89", "Highlight 2 showing key data points", "Highlight 3 summarizing the conclusion"]	\N	quick_hit	0
180	Test Education Post 74: Market Update and Analysis	This is a generated subtitle for the test education post number 74. It provides a brief overview of the content.	test-education-post-74-market-update	education	https://images.unsplash.com/photo-1526304640581-d334cdbbf45e?w=800&q=80	[{"text": "This is the introductory paragraph for education post 74. It contains some generated text to simulate a real article. The market has shown interesting trends recently.", "type": "paragraph"}, {"text": "Detailed Analysis", "type": "h1"}, {"text": "Here is a deeper dive into the numbers and data. As we can see from the charts, the moving averages have crossed, indicating a potential shift in momentum.", "type": "paragraph"}, {"url": "https://images.unsplash.com/photo-1611974789855-9c2a0a7236a3?w=800&q=80", "type": "image", "caption": "Figure 1: Market Trends Overview"}, {"text": "In conclusion, investors should remain cautious but optimistic. Proper risk management remains the key to long-term success.", "type": "paragraph"}]	2026-06-12	Sarah Jenkins	Tech Reporter	["Highlight 1 for education post 74", "Highlight 2 showing key data points", "Highlight 3 summarizing the conclusion"]	4	\N	0
181	Test Education Post 75: Market Update and Analysis	This is a generated subtitle for the test education post number 75. It provides a brief overview of the content.	test-education-post-75-market-update	education	https://images.unsplash.com/photo-1611974789855-9c2a0a7236a3?w=800&q=80	[{"text": "This is the introductory paragraph for education post 75. It contains some generated text to simulate a real article. The market has shown interesting trends recently.", "type": "paragraph"}, {"text": "Detailed Analysis", "type": "h1"}, {"text": "Here is a deeper dive into the numbers and data. As we can see from the charts, the moving averages have crossed, indicating a potential shift in momentum.", "type": "paragraph"}, {"url": "https://images.unsplash.com/photo-1590283603385-17ffb3a7f29f?w=800&q=80", "type": "image", "caption": "Figure 1: Market Trends Overview"}, {"text": "In conclusion, investors should remain cautious but optimistic. Proper risk management remains the key to long-term success.", "type": "paragraph"}]	2026-06-12	Bob Johnson	Market Researcher	["Highlight 1 for education post 75", "Highlight 2 showing key data points", "Highlight 3 summarizing the conclusion"]	2	\N	0
182	Test Education Post 76: Market Update and Analysis	This is a generated subtitle for the test education post number 76. It provides a brief overview of the content.	test-education-post-76-market-update	education	https://images.unsplash.com/photo-1526304640581-d334cdbbf45e?w=800&q=80	[{"text": "This is the introductory paragraph for education post 76. It contains some generated text to simulate a real article. The market has shown interesting trends recently.", "type": "paragraph"}, {"text": "Detailed Analysis", "type": "h1"}, {"text": "Here is a deeper dive into the numbers and data. As we can see from the charts, the moving averages have crossed, indicating a potential shift in momentum.", "type": "paragraph"}, {"url": "https://images.unsplash.com/photo-1611974789855-9c2a0a7236a3?w=800&q=80", "type": "image", "caption": "Figure 1: Market Trends Overview"}, {"text": "In conclusion, investors should remain cautious but optimistic. Proper risk management remains the key to long-term success.", "type": "paragraph"}]	2026-06-12	Alice Smith	Senior Analyst	["Highlight 1 for education post 76", "Highlight 2 showing key data points", "Highlight 3 summarizing the conclusion"]	2	\N	0
183	Test Education Post 77: Market Update and Analysis	This is a generated subtitle for the test education post number 77. It provides a brief overview of the content.	test-education-post-77-market-update	education	https://images.unsplash.com/photo-1590283603385-17ffb3a7f29f?w=800&q=80	[{"text": "This is the introductory paragraph for education post 77. It contains some generated text to simulate a real article. The market has shown interesting trends recently.", "type": "paragraph"}, {"text": "Detailed Analysis", "type": "h1"}, {"text": "Here is a deeper dive into the numbers and data. As we can see from the charts, the moving averages have crossed, indicating a potential shift in momentum.", "type": "paragraph"}, {"url": "https://images.unsplash.com/photo-1611974789855-9c2a0a7236a3?w=800&q=80", "type": "image", "caption": "Figure 1: Market Trends Overview"}, {"text": "In conclusion, investors should remain cautious but optimistic. Proper risk management remains the key to long-term success.", "type": "paragraph"}]	2026-06-12	Jose C S	Founder & CEO	["Highlight 1 for education post 77", "Highlight 2 showing key data points", "Highlight 3 summarizing the conclusion"]	4	\N	0
184	Test Education Post 78: Market Update and Analysis	This is a generated subtitle for the test education post number 78. It provides a brief overview of the content.	test-education-post-78-market-update	education	https://images.unsplash.com/photo-1590283603385-17ffb3a7f29f?w=800&q=80	[{"text": "This is the introductory paragraph for education post 78. It contains some generated text to simulate a real article. The market has shown interesting trends recently.", "type": "paragraph"}, {"text": "Detailed Analysis", "type": "h1"}, {"text": "Here is a deeper dive into the numbers and data. As we can see from the charts, the moving averages have crossed, indicating a potential shift in momentum.", "type": "paragraph"}, {"url": "https://images.unsplash.com/photo-1590283603385-17ffb3a7f29f?w=800&q=80", "type": "image", "caption": "Figure 1: Market Trends Overview"}, {"text": "In conclusion, investors should remain cautious but optimistic. Proper risk management remains the key to long-term success.", "type": "paragraph"}]	2026-06-12	Sarah Jenkins	Tech Reporter	["Highlight 1 for education post 78", "Highlight 2 showing key data points", "Highlight 3 summarizing the conclusion"]	3	\N	0
101	Test News Post 95: Market Update and Analysis	This is a generated subtitle for the test news post number 95. It provides a brief overview of the content.	test-news-post-95-market-update	news	https://images.unsplash.com/photo-1611974789855-9c2a0a7236a3?w=800&q=80	[{"text": "This is the introductory paragraph for news post 95. It contains some generated text to simulate a real article. The market has shown interesting trends recently.", "type": "paragraph"}, {"text": "Detailed Analysis", "type": "h1"}, {"text": "Here is a deeper dive into the numbers and data. As we can see from the charts, the moving averages have crossed, indicating a potential shift in momentum.", "type": "paragraph"}, {"url": "https://images.unsplash.com/photo-1611162617474-5b21e879e113?w=800&q=80", "type": "image", "caption": "Figure 1: Market Trends Overview"}, {"text": "In conclusion, investors should remain cautious but optimistic. Proper risk management remains the key to long-term success.", "type": "paragraph"}]	2026-06-12	Alice Smith	Senior Analyst	["Highlight 1 for news post 95", "Highlight 2 showing key data points", "Highlight 3 summarizing the conclusion"]	\N	live_feed	0
186	Test Education Post 80: Market Update and Analysis	This is a generated subtitle for the test education post number 80. It provides a brief overview of the content.	test-education-post-80-market-update	education	https://images.unsplash.com/photo-1590283603385-17ffb3a7f29f?w=800&q=80	[{"text": "This is the introductory paragraph for education post 80. It contains some generated text to simulate a real article. The market has shown interesting trends recently.", "type": "paragraph"}, {"text": "Detailed Analysis", "type": "h1"}, {"text": "Here is a deeper dive into the numbers and data. As we can see from the charts, the moving averages have crossed, indicating a potential shift in momentum.", "type": "paragraph"}, {"url": "https://images.unsplash.com/photo-1611974789855-9c2a0a7236a3?w=800&q=80", "type": "image", "caption": "Figure 1: Market Trends Overview"}, {"text": "In conclusion, investors should remain cautious but optimistic. Proper risk management remains the key to long-term success.", "type": "paragraph"}]	2026-06-12	Jose C S	Founder & CEO	["Highlight 1 for education post 80", "Highlight 2 showing key data points", "Highlight 3 summarizing the conclusion"]	2	\N	0
187	Test Education Post 81: Market Update and Analysis	This is a generated subtitle for the test education post number 81. It provides a brief overview of the content.	test-education-post-81-market-update	education	https://images.unsplash.com/photo-1526304640581-d334cdbbf45e?w=800&q=80	[{"text": "This is the introductory paragraph for education post 81. It contains some generated text to simulate a real article. The market has shown interesting trends recently.", "type": "paragraph"}, {"text": "Detailed Analysis", "type": "h1"}, {"text": "Here is a deeper dive into the numbers and data. As we can see from the charts, the moving averages have crossed, indicating a potential shift in momentum.", "type": "paragraph"}, {"url": "https://images.unsplash.com/photo-1611162617474-5b21e879e113?w=800&q=80", "type": "image", "caption": "Figure 1: Market Trends Overview"}, {"text": "In conclusion, investors should remain cautious but optimistic. Proper risk management remains the key to long-term success.", "type": "paragraph"}]	2026-06-12	Jose C S	Founder & CEO	["Highlight 1 for education post 81", "Highlight 2 showing key data points", "Highlight 3 summarizing the conclusion"]	2	\N	0
188	Test Education Post 82: Market Update and Analysis	This is a generated subtitle for the test education post number 82. It provides a brief overview of the content.	test-education-post-82-market-update	education	https://images.unsplash.com/photo-1611974789855-9c2a0a7236a3?w=800&q=80	[{"text": "This is the introductory paragraph for education post 82. It contains some generated text to simulate a real article. The market has shown interesting trends recently.", "type": "paragraph"}, {"text": "Detailed Analysis", "type": "h1"}, {"text": "Here is a deeper dive into the numbers and data. As we can see from the charts, the moving averages have crossed, indicating a potential shift in momentum.", "type": "paragraph"}, {"url": "https://images.unsplash.com/photo-1526304640581-d334cdbbf45e?w=800&q=80", "type": "image", "caption": "Figure 1: Market Trends Overview"}, {"text": "In conclusion, investors should remain cautious but optimistic. Proper risk management remains the key to long-term success.", "type": "paragraph"}]	2026-06-12	Alice Smith	Senior Analyst	["Highlight 1 for education post 82", "Highlight 2 showing key data points", "Highlight 3 summarizing the conclusion"]	3	\N	0
189	Test Education Post 83: Market Update and Analysis	This is a generated subtitle for the test education post number 83. It provides a brief overview of the content.	test-education-post-83-market-update	education	https://images.unsplash.com/photo-1526304640581-d334cdbbf45e?w=800&q=80	[{"text": "This is the introductory paragraph for education post 83. It contains some generated text to simulate a real article. The market has shown interesting trends recently.", "type": "paragraph"}, {"text": "Detailed Analysis", "type": "h1"}, {"text": "Here is a deeper dive into the numbers and data. As we can see from the charts, the moving averages have crossed, indicating a potential shift in momentum.", "type": "paragraph"}, {"url": "https://images.unsplash.com/photo-1611974789855-9c2a0a7236a3?w=800&q=80", "type": "image", "caption": "Figure 1: Market Trends Overview"}, {"text": "In conclusion, investors should remain cautious but optimistic. Proper risk management remains the key to long-term success.", "type": "paragraph"}]	2026-06-12	Bob Johnson	Market Researcher	["Highlight 1 for education post 83", "Highlight 2 showing key data points", "Highlight 3 summarizing the conclusion"]	4	\N	0
190	Test Education Post 84: Market Update and Analysis	This is a generated subtitle for the test education post number 84. It provides a brief overview of the content.	test-education-post-84-market-update	education	https://images.unsplash.com/photo-1590283603385-17ffb3a7f29f?w=800&q=80	[{"text": "This is the introductory paragraph for education post 84. It contains some generated text to simulate a real article. The market has shown interesting trends recently.", "type": "paragraph"}, {"text": "Detailed Analysis", "type": "h1"}, {"text": "Here is a deeper dive into the numbers and data. As we can see from the charts, the moving averages have crossed, indicating a potential shift in momentum.", "type": "paragraph"}, {"url": "https://images.unsplash.com/photo-1526304640581-d334cdbbf45e?w=800&q=80", "type": "image", "caption": "Figure 1: Market Trends Overview"}, {"text": "In conclusion, investors should remain cautious but optimistic. Proper risk management remains the key to long-term success.", "type": "paragraph"}]	2026-06-12	Sarah Jenkins	Tech Reporter	["Highlight 1 for education post 84", "Highlight 2 showing key data points", "Highlight 3 summarizing the conclusion"]	3	\N	0
110	Test Education Post 4: Market Update and Analysis	This is a generated subtitle for the test education post number 4. It provides a brief overview of the content.	test-education-post-4-market-update	education	https://images.unsplash.com/photo-1611162617474-5b21e879e113?w=800&q=80	[{"text": "This is the introductory paragraph for education post 4. It contains some generated text to simulate a real article. The market has shown interesting trends recently.", "type": "paragraph"}, {"text": "Detailed Analysis", "type": "h1"}, {"text": "Here is a deeper dive into the numbers and data. As we can see from the charts, the moving averages have crossed, indicating a potential shift in momentum.", "type": "paragraph"}, {"url": "https://images.unsplash.com/photo-1590283603385-17ffb3a7f29f?w=800&q=80", "type": "image", "caption": "Figure 1: Market Trends Overview"}, {"text": "In conclusion, investors should remain cautious but optimistic. Proper risk management remains the key to long-term success.", "type": "paragraph"}]	2026-06-12	Sarah Jenkins	Tech Reporter	["Highlight 1 for education post 4", "Highlight 2 showing key data points", "Highlight 3 summarizing the conclusion"]	4	\N	1
192	Test Education Post 86: Market Update and Analysis	This is a generated subtitle for the test education post number 86. It provides a brief overview of the content.	test-education-post-86-market-update	education	https://images.unsplash.com/photo-1526304640581-d334cdbbf45e?w=800&q=80	[{"text": "This is the introductory paragraph for education post 86. It contains some generated text to simulate a real article. The market has shown interesting trends recently.", "type": "paragraph"}, {"text": "Detailed Analysis", "type": "h1"}, {"text": "Here is a deeper dive into the numbers and data. As we can see from the charts, the moving averages have crossed, indicating a potential shift in momentum.", "type": "paragraph"}, {"url": "https://images.unsplash.com/photo-1590283603385-17ffb3a7f29f?w=800&q=80", "type": "image", "caption": "Figure 1: Market Trends Overview"}, {"text": "In conclusion, investors should remain cautious but optimistic. Proper risk management remains the key to long-term success.", "type": "paragraph"}]	2026-06-12	Alice Smith	Senior Analyst	["Highlight 1 for education post 86", "Highlight 2 showing key data points", "Highlight 3 summarizing the conclusion"]	4	\N	0
193	Test Education Post 87: Market Update and Analysis	This is a generated subtitle for the test education post number 87. It provides a brief overview of the content.	test-education-post-87-market-update	education	https://images.unsplash.com/photo-1611974789855-9c2a0a7236a3?w=800&q=80	[{"text": "This is the introductory paragraph for education post 87. It contains some generated text to simulate a real article. The market has shown interesting trends recently.", "type": "paragraph"}, {"text": "Detailed Analysis", "type": "h1"}, {"text": "Here is a deeper dive into the numbers and data. As we can see from the charts, the moving averages have crossed, indicating a potential shift in momentum.", "type": "paragraph"}, {"url": "https://images.unsplash.com/photo-1611162617474-5b21e879e113?w=800&q=80", "type": "image", "caption": "Figure 1: Market Trends Overview"}, {"text": "In conclusion, investors should remain cautious but optimistic. Proper risk management remains the key to long-term success.", "type": "paragraph"}]	2026-06-12	Sarah Jenkins	Tech Reporter	["Highlight 1 for education post 87", "Highlight 2 showing key data points", "Highlight 3 summarizing the conclusion"]	2	\N	0
194	Test Education Post 88: Market Update and Analysis	This is a generated subtitle for the test education post number 88. It provides a brief overview of the content.	test-education-post-88-market-update	education	https://images.unsplash.com/photo-1526304640581-d334cdbbf45e?w=800&q=80	[{"text": "This is the introductory paragraph for education post 88. It contains some generated text to simulate a real article. The market has shown interesting trends recently.", "type": "paragraph"}, {"text": "Detailed Analysis", "type": "h1"}, {"text": "Here is a deeper dive into the numbers and data. As we can see from the charts, the moving averages have crossed, indicating a potential shift in momentum.", "type": "paragraph"}, {"url": "https://images.unsplash.com/photo-1611974789855-9c2a0a7236a3?w=800&q=80", "type": "image", "caption": "Figure 1: Market Trends Overview"}, {"text": "In conclusion, investors should remain cautious but optimistic. Proper risk management remains the key to long-term success.", "type": "paragraph"}]	2026-06-12	Sarah Jenkins	Tech Reporter	["Highlight 1 for education post 88", "Highlight 2 showing key data points", "Highlight 3 summarizing the conclusion"]	2	\N	0
195	Test Education Post 89: Market Update and Analysis	This is a generated subtitle for the test education post number 89. It provides a brief overview of the content.	test-education-post-89-market-update	education	https://images.unsplash.com/photo-1611162617474-5b21e879e113?w=800&q=80	[{"text": "This is the introductory paragraph for education post 89. It contains some generated text to simulate a real article. The market has shown interesting trends recently.", "type": "paragraph"}, {"text": "Detailed Analysis", "type": "h1"}, {"text": "Here is a deeper dive into the numbers and data. As we can see from the charts, the moving averages have crossed, indicating a potential shift in momentum.", "type": "paragraph"}, {"url": "https://images.unsplash.com/photo-1611974789855-9c2a0a7236a3?w=800&q=80", "type": "image", "caption": "Figure 1: Market Trends Overview"}, {"text": "In conclusion, investors should remain cautious but optimistic. Proper risk management remains the key to long-term success.", "type": "paragraph"}]	2026-06-12	Bob Johnson	Market Researcher	["Highlight 1 for education post 89", "Highlight 2 showing key data points", "Highlight 3 summarizing the conclusion"]	4	\N	0
196	Test Education Post 90: Market Update and Analysis	This is a generated subtitle for the test education post number 90. It provides a brief overview of the content.	test-education-post-90-market-update	education	https://images.unsplash.com/photo-1611974789855-9c2a0a7236a3?w=800&q=80	[{"text": "This is the introductory paragraph for education post 90. It contains some generated text to simulate a real article. The market has shown interesting trends recently.", "type": "paragraph"}, {"text": "Detailed Analysis", "type": "h1"}, {"text": "Here is a deeper dive into the numbers and data. As we can see from the charts, the moving averages have crossed, indicating a potential shift in momentum.", "type": "paragraph"}, {"url": "https://images.unsplash.com/photo-1526304640581-d334cdbbf45e?w=800&q=80", "type": "image", "caption": "Figure 1: Market Trends Overview"}, {"text": "In conclusion, investors should remain cautious but optimistic. Proper risk management remains the key to long-term success.", "type": "paragraph"}]	2026-06-12	Bob Johnson	Market Researcher	["Highlight 1 for education post 90", "Highlight 2 showing key data points", "Highlight 3 summarizing the conclusion"]	3	\N	0
6	Giant inflatable Elon Musk appears in Times Square one day before SpaceX IPO, with a scathing message for its CEO	The big bust of a shirtless and smiling Elon Musk appeared in Times Square overnight, adorned with harsh accusations about the SpaceX founder.  "SpaceX's Grok makes AI child porn," reads a giant tattoo plastered across the bust's upper abs and back.	the-future-of-modern-web-developmentsss	education	https://images.unsplash.com/photo-1517694712202-14dd9538aa97	[{"url": "", "text": "Musk's xAI chatbot", "type": "h1", "caption": ""}, {"url": "", "text": "The big bust of a shirtless and smiling Elon Musk appeared in Times Square overnight, adorned with harsh accusations about the SpaceX founder.\\n\\n\\"SpaceX's Grok makes AI child porn,\\" reads a giant tattoo plastered across the bust's upper abs and back.\\n\\nThe message appeared to be a reference to accusations that Grok, Musk's xAI chatbot that was acquired by SpaceX earlier this year, produced sexual images of children.\\n\\nIn response to complaints, Musk said in January that \\"anyone using Grok to make illegal content will suffer the same consequences as if they upload illegal content.\\" The official X page also said its policy has \\"zero tolerance for any forms of child sexual exploitation.\\"\\n\\nGrok's not-safe-for-work capabilities came up in SpaceX's S-1 filing last month, ahead of the rocket company's highly anticipated IPO, set for June 12. SpaceX warned potential investors that Grok's NSFW mode could pose \\"heightened risks\\" and \\"reputational harm,\\" in part because it could generate \\"nonconsensual or exploitative imagery.\\"\\n\\nThe group behind the inflatable Musk is Safe AI Now (SAIN), which describes itself as a coalition of faith leaders, child-safety organizations, and other groups and individuals. SAIN told Business Insider the inflatable would be up until 7 p.m. ET on Thursday.\\n\\n", "type": "paragraph", "caption": ""}, {"url": "", "text": "The next paragreaph", "type": "h1", "caption": ""}, {"url": "https://images.unsplash.com/photo-1517694712202-14dd9538aa97", "text": "", "type": "image", "caption": "first caption basically not needed"}, {"url": "", "text": "The big bust of a shirtless and smiling Elon Musk appeared in Times Square overnight, adorned with harsh accusations about the SpaceX founder.\\n\\n\\"SpaceX's Grok makes AI child porn,\\" reads a giant tattoo plastered across the bust's upper abs and back.\\n\\nThe message appeared to be a reference to accusations that Grok, Musk's xAI chatbot that was acquired by SpaceX earlier this year, produced sexual images of children.\\n\\nIn response to complaints, Musk said in January that \\"anyone using Grok to make illegal content will suffer the same consequences as if they upload illegal content.\\" The official X page also said its policy has \\"zero tolerance for any forms of child sexual exploitation.\\"\\n\\nGrok's not-safe-for-work capabilities came up in SpaceX's S-1 filing last month, ahead of the rocket company's highly anticipated IPO, set for June 12. SpaceX warned potential investors that Grok's NSFW mode could pose \\"heightened risks\\" and \\"reputational harm,\\" in part because it could generate \\"nonconsensual or exploitative imagery.\\"\\n\\nThe group behind the inflatable Musk is Safe AI Now (SAIN), which describes itself as a coalition of faith leaders, child-safety organizations, and other groups and individuals. SAIN told Business Insider the inflatable would be up until 7 p.m. ET on Thursday.\\n\\n", "type": "paragraph", "caption": ""}]	2026-06-12	MoneyGreeks Team	Market Analyst	["An inflatable Elon Musk appeared in Times Square, tattooed with accusations against SpaceX's Grok.", "A smiling, shirtless effigy of Musk was put up in protest a day before SpaceX's IPO.", "The group behind the inflatable said it was intended as a warning to potential SpaceX investors."]	1	\N	1
198	Test Education Post 92: Market Update and Analysis	This is a generated subtitle for the test education post number 92. It provides a brief overview of the content.	test-education-post-92-market-update	education	https://images.unsplash.com/photo-1590283603385-17ffb3a7f29f?w=800&q=80	[{"text": "This is the introductory paragraph for education post 92. It contains some generated text to simulate a real article. The market has shown interesting trends recently.", "type": "paragraph"}, {"text": "Detailed Analysis", "type": "h1"}, {"text": "Here is a deeper dive into the numbers and data. As we can see from the charts, the moving averages have crossed, indicating a potential shift in momentum.", "type": "paragraph"}, {"url": "https://images.unsplash.com/photo-1611974789855-9c2a0a7236a3?w=800&q=80", "type": "image", "caption": "Figure 1: Market Trends Overview"}, {"text": "In conclusion, investors should remain cautious but optimistic. Proper risk management remains the key to long-term success.", "type": "paragraph"}]	2026-06-12	Bob Johnson	Market Researcher	["Highlight 1 for education post 92", "Highlight 2 showing key data points", "Highlight 3 summarizing the conclusion"]	3	\N	0
199	Test Education Post 93: Market Update and Analysis	This is a generated subtitle for the test education post number 93. It provides a brief overview of the content.	test-education-post-93-market-update	education	https://images.unsplash.com/photo-1611974789855-9c2a0a7236a3?w=800&q=80	[{"text": "This is the introductory paragraph for education post 93. It contains some generated text to simulate a real article. The market has shown interesting trends recently.", "type": "paragraph"}, {"text": "Detailed Analysis", "type": "h1"}, {"text": "Here is a deeper dive into the numbers and data. As we can see from the charts, the moving averages have crossed, indicating a potential shift in momentum.", "type": "paragraph"}, {"url": "https://images.unsplash.com/photo-1526304640581-d334cdbbf45e?w=800&q=80", "type": "image", "caption": "Figure 1: Market Trends Overview"}, {"text": "In conclusion, investors should remain cautious but optimistic. Proper risk management remains the key to long-term success.", "type": "paragraph"}]	2026-06-12	Alice Smith	Senior Analyst	["Highlight 1 for education post 93", "Highlight 2 showing key data points", "Highlight 3 summarizing the conclusion"]	2	\N	0
200	Test Education Post 94: Market Update and Analysis	This is a generated subtitle for the test education post number 94. It provides a brief overview of the content.	test-education-post-94-market-update	education	https://images.unsplash.com/photo-1611974789855-9c2a0a7236a3?w=800&q=80	[{"text": "This is the introductory paragraph for education post 94. It contains some generated text to simulate a real article. The market has shown interesting trends recently.", "type": "paragraph"}, {"text": "Detailed Analysis", "type": "h1"}, {"text": "Here is a deeper dive into the numbers and data. As we can see from the charts, the moving averages have crossed, indicating a potential shift in momentum.", "type": "paragraph"}, {"url": "https://images.unsplash.com/photo-1611162617474-5b21e879e113?w=800&q=80", "type": "image", "caption": "Figure 1: Market Trends Overview"}, {"text": "In conclusion, investors should remain cautious but optimistic. Proper risk management remains the key to long-term success.", "type": "paragraph"}]	2026-06-12	Bob Johnson	Market Researcher	["Highlight 1 for education post 94", "Highlight 2 showing key data points", "Highlight 3 summarizing the conclusion"]	4	\N	0
201	Test Education Post 95: Market Update and Analysis	This is a generated subtitle for the test education post number 95. It provides a brief overview of the content.	test-education-post-95-market-update	education	https://images.unsplash.com/photo-1590283603385-17ffb3a7f29f?w=800&q=80	[{"text": "This is the introductory paragraph for education post 95. It contains some generated text to simulate a real article. The market has shown interesting trends recently.", "type": "paragraph"}, {"text": "Detailed Analysis", "type": "h1"}, {"text": "Here is a deeper dive into the numbers and data. As we can see from the charts, the moving averages have crossed, indicating a potential shift in momentum.", "type": "paragraph"}, {"url": "https://images.unsplash.com/photo-1611162617474-5b21e879e113?w=800&q=80", "type": "image", "caption": "Figure 1: Market Trends Overview"}, {"text": "In conclusion, investors should remain cautious but optimistic. Proper risk management remains the key to long-term success.", "type": "paragraph"}]	2026-06-12	Sarah Jenkins	Tech Reporter	["Highlight 1 for education post 95", "Highlight 2 showing key data points", "Highlight 3 summarizing the conclusion"]	3	\N	0
202	Test Education Post 96: Market Update and Analysis	This is a generated subtitle for the test education post number 96. It provides a brief overview of the content.	test-education-post-96-market-update	education	https://images.unsplash.com/photo-1590283603385-17ffb3a7f29f?w=800&q=80	[{"text": "This is the introductory paragraph for education post 96. It contains some generated text to simulate a real article. The market has shown interesting trends recently.", "type": "paragraph"}, {"text": "Detailed Analysis", "type": "h1"}, {"text": "Here is a deeper dive into the numbers and data. As we can see from the charts, the moving averages have crossed, indicating a potential shift in momentum.", "type": "paragraph"}, {"url": "https://images.unsplash.com/photo-1611162617474-5b21e879e113?w=800&q=80", "type": "image", "caption": "Figure 1: Market Trends Overview"}, {"text": "In conclusion, investors should remain cautious but optimistic. Proper risk management remains the key to long-term success.", "type": "paragraph"}]	2026-06-12	Bob Johnson	Market Researcher	["Highlight 1 for education post 96", "Highlight 2 showing key data points", "Highlight 3 summarizing the conclusion"]	4	\N	0
5	Giant inflatable Elon Musk appears in Times Square one day before SpaceX IPO, with a scathing message for its CEO	The big bust of a shirtless and smiling Elon Musk appeared in Times Square overnight, adorned with harsh accusations about the SpaceX founder.  "SpaceX's Grok makes AI child porn," reads a giant tattoo plastered across the bust's upper abs and back.	first-report-submission-demo	news	https://images.unsplash.com/photo-1517694712202-14dd9538aa97	[{"url": "", "text": "Musk's xAI chatbot", "type": "h1", "caption": ""}, {"url": "", "text": "The big bust of a shirtless and smiling Elon Musk appeared in Times Square overnight, adorned with harsh accusations about the SpaceX founder.\\n\\n\\"SpaceX's Grok makes AI child porn,\\" reads a giant tattoo plastered across the bust's upper abs and back.\\n\\nThe message appeared to be a reference to accusations that Grok, Musk's xAI chatbot that was acquired by SpaceX earlier this year, produced sexual images of children.\\n\\nIn response to complaints, Musk said in January that \\"anyone using Grok to make illegal content will suffer the same consequences as if they upload illegal content.\\" The official X page also said its policy has \\"zero tolerance for any forms of child sexual exploitation.\\"\\n\\nGrok's not-safe-for-work capabilities came up in SpaceX's S-1 filing last month, ahead of the rocket company's highly anticipated IPO, set for June 12. SpaceX warned potential investors that Grok's NSFW mode could pose \\"heightened risks\\" and \\"reputational harm,\\" in part because it could generate \\"nonconsensual or exploitative imagery.\\"\\n\\nThe group behind the inflatable Musk is Safe AI Now (SAIN), which describes itself as a coalition of faith leaders, child-safety organizations, and other groups and individuals. SAIN told Business Insider the inflatable would be up until 7 p.m. ET on Thursday.\\n\\n", "type": "paragraph", "caption": ""}, {"url": "", "text": "The next paragreaph", "type": "h1", "caption": ""}, {"url": "https://images.unsplash.com/photo-1517694712202-14dd9538aa97", "text": "", "type": "image", "caption": "first caption basically not needed"}, {"url": "", "text": "The big bust of a shirtless and smiling Elon Musk appeared in Times Square overnight, adorned with harsh accusations about the SpaceX founder.\\n\\n\\"SpaceX's Grok makes AI child porn,\\" reads a giant tattoo plastered across the bust's upper abs and back.\\n\\nThe message appeared to be a reference to accusations that Grok, Musk's xAI chatbot that was acquired by SpaceX earlier this year, produced sexual images of children.\\n\\nIn response to complaints, Musk said in January that \\"anyone using Grok to make illegal content will suffer the same consequences as if they upload illegal content.\\" The official X page also said its policy has \\"zero tolerance for any forms of child sexual exploitation.\\"\\n\\nGrok's not-safe-for-work capabilities came up in SpaceX's S-1 filing last month, ahead of the rocket company's highly anticipated IPO, set for June 12. SpaceX warned potential investors that Grok's NSFW mode could pose \\"heightened risks\\" and \\"reputational harm,\\" in part because it could generate \\"nonconsensual or exploitative imagery.\\"\\n\\nThe group behind the inflatable Musk is Safe AI Now (SAIN), which describes itself as a coalition of faith leaders, child-safety organizations, and other groups and individuals. SAIN told Business Insider the inflatable would be up until 7 p.m. ET on Thursday.\\n\\n", "type": "paragraph", "caption": ""}]	2026-06-12	MoneyGreeks Team	Market Analyst	[]	\N	hero	0
11	Test News Post 5: Market Update and Analysis	This is a generated subtitle for the test news post number 5. It provides a brief overview of the content.	test-news-post-5-market-update	news	https://images.unsplash.com/photo-1611162617474-5b21e879e113?w=800&q=80	[{"text": "This is the introductory paragraph for news post 5. It contains some generated text to simulate a real article. The market has shown interesting trends recently.", "type": "paragraph"}, {"text": "Detailed Analysis", "type": "h1"}, {"text": "Here is a deeper dive into the numbers and data. As we can see from the charts, the moving averages have crossed, indicating a potential shift in momentum.", "type": "paragraph"}, {"url": "https://images.unsplash.com/photo-1590283603385-17ffb3a7f29f?w=800&q=80", "type": "image", "caption": "Figure 1: Market Trends Overview"}, {"text": "In conclusion, investors should remain cautious but optimistic. Proper risk management remains the key to long-term success.", "type": "paragraph"}]	2026-06-12	Alice Smith	Senior Analyst	["Highlight 1 for news post 5", "Highlight 2 showing key data points", "Highlight 3 summarizing the conclusion"]	\N	latest	0
107	Test Education Post 1: Market Update and Analysis	This is a generated subtitle for the test education post number 1. It provides a brief overview of the content.	test-education-post-1-market-update	education	https://images.unsplash.com/photo-1590283603385-17ffb3a7f29f?w=800&q=80	[{"text": "This is the introductory paragraph for education post 1. It contains some generated text to simulate a real article. The market has shown interesting trends recently.", "type": "paragraph"}, {"text": "Detailed Analysis", "type": "h1"}, {"text": "Here is a deeper dive into the numbers and data. As we can see from the charts, the moving averages have crossed, indicating a potential shift in momentum.", "type": "paragraph"}, {"url": "https://images.unsplash.com/photo-1611974789855-9c2a0a7236a3?w=800&q=80", "type": "image", "caption": "Figure 1: Market Trends Overview"}, {"text": "In conclusion, investors should remain cautious but optimistic. Proper risk management remains the key to long-term success.", "type": "paragraph"}]	2026-06-12	Sarah Jenkins	Tech Reporter	["Highlight 1 for education post 1", "Highlight 2 showing key data points", "Highlight 3 summarizing the conclusion"]	4	\N	0
204	Test Education Post 98: Market Update and Analysis	This is a generated subtitle for the test education post number 98. It provides a brief overview of the content.	test-education-post-98-market-update	education	https://images.unsplash.com/photo-1611974789855-9c2a0a7236a3?w=800&q=80	[{"text": "This is the introductory paragraph for education post 98. It contains some generated text to simulate a real article. The market has shown interesting trends recently.", "type": "paragraph"}, {"text": "Detailed Analysis", "type": "h1"}, {"text": "Here is a deeper dive into the numbers and data. As we can see from the charts, the moving averages have crossed, indicating a potential shift in momentum.", "type": "paragraph"}, {"url": "https://images.unsplash.com/photo-1526304640581-d334cdbbf45e?w=800&q=80", "type": "image", "caption": "Figure 1: Market Trends Overview"}, {"text": "In conclusion, investors should remain cautious but optimistic. Proper risk management remains the key to long-term success.", "type": "paragraph"}]	2026-06-12	Sarah Jenkins	Tech Reporter	["Highlight 1 for education post 98", "Highlight 2 showing key data points", "Highlight 3 summarizing the conclusion"]	4	\N	0
206	Test Education Post 100: Market Update and Analysis	This is a generated subtitle for the test education post number 100. It provides a brief overview of the content.	test-education-post-100-market-update	education	https://images.unsplash.com/photo-1611974789855-9c2a0a7236a3?w=800&q=80	[{"text": "This is the introductory paragraph for education post 100. It contains some generated text to simulate a real article. The market has shown interesting trends recently.", "type": "paragraph"}, {"text": "Detailed Analysis", "type": "h1"}, {"text": "Here is a deeper dive into the numbers and data. As we can see from the charts, the moving averages have crossed, indicating a potential shift in momentum.", "type": "paragraph"}, {"url": "https://images.unsplash.com/photo-1611974789855-9c2a0a7236a3?w=800&q=80", "type": "image", "caption": "Figure 1: Market Trends Overview"}, {"text": "In conclusion, investors should remain cautious but optimistic. Proper risk management remains the key to long-term success.", "type": "paragraph"}]	2026-06-12	Sarah Jenkins	Tech Reporter	["Highlight 1 for education post 100", "Highlight 2 showing key data points", "Highlight 3 summarizing the conclusion"]	4	\N	0
113	Test Education Post 7: Market Update and Analysis	This is a generated subtitle for the test education post number 7. It provides a brief overview of the content.	test-education-post-7-market-update	education	https://images.unsplash.com/photo-1611162617474-5b21e879e113?w=800&q=80	[{"text": "This is the introductory paragraph for education post 7. It contains some generated text to simulate a real article. The market has shown interesting trends recently.", "type": "paragraph"}, {"text": "Detailed Analysis", "type": "h1"}, {"text": "Here is a deeper dive into the numbers and data. As we can see from the charts, the moving averages have crossed, indicating a potential shift in momentum.", "type": "paragraph"}, {"url": "https://images.unsplash.com/photo-1526304640581-d334cdbbf45e?w=800&q=80", "type": "image", "caption": "Figure 1: Market Trends Overview"}, {"text": "In conclusion, investors should remain cautious but optimistic. Proper risk management remains the key to long-term success.", "type": "paragraph"}]	2026-06-12	Sarah Jenkins	Tech Reporter	["Highlight 1 for education post 7", "Highlight 2 showing key data points", "Highlight 3 summarizing the conclusion"]	3	\N	0
119	Test Education Post 13: Market Update and Analysis	This is a generated subtitle for the test education post number 13. It provides a brief overview of the content.	test-education-post-13-market-update	education	https://images.unsplash.com/photo-1590283603385-17ffb3a7f29f?w=800&q=80	[{"text": "This is the introductory paragraph for education post 13. It contains some generated text to simulate a real article. The market has shown interesting trends recently.", "type": "paragraph"}, {"text": "Detailed Analysis", "type": "h1"}, {"text": "Here is a deeper dive into the numbers and data. As we can see from the charts, the moving averages have crossed, indicating a potential shift in momentum.", "type": "paragraph"}, {"url": "https://images.unsplash.com/photo-1611162617474-5b21e879e113?w=800&q=80", "type": "image", "caption": "Figure 1: Market Trends Overview"}, {"text": "In conclusion, investors should remain cautious but optimistic. Proper risk management remains the key to long-term success.", "type": "paragraph"}]	2026-06-12	Bob Johnson	Market Researcher	["Highlight 1 for education post 13", "Highlight 2 showing key data points", "Highlight 3 summarizing the conclusion"]	4	\N	0
125	Test Education Post 19: Market Update and Analysis	This is a generated subtitle for the test education post number 19. It provides a brief overview of the content.	test-education-post-19-market-update	education	https://images.unsplash.com/photo-1526304640581-d334cdbbf45e?w=800&q=80	[{"text": "This is the introductory paragraph for education post 19. It contains some generated text to simulate a real article. The market has shown interesting trends recently.", "type": "paragraph"}, {"text": "Detailed Analysis", "type": "h1"}, {"text": "Here is a deeper dive into the numbers and data. As we can see from the charts, the moving averages have crossed, indicating a potential shift in momentum.", "type": "paragraph"}, {"url": "https://images.unsplash.com/photo-1590283603385-17ffb3a7f29f?w=800&q=80", "type": "image", "caption": "Figure 1: Market Trends Overview"}, {"text": "In conclusion, investors should remain cautious but optimistic. Proper risk management remains the key to long-term success.", "type": "paragraph"}]	2026-06-12	Sarah Jenkins	Tech Reporter	["Highlight 1 for education post 19", "Highlight 2 showing key data points", "Highlight 3 summarizing the conclusion"]	2	\N	0
131	Test Education Post 25: Market Update and Analysis	This is a generated subtitle for the test education post number 25. It provides a brief overview of the content.	test-education-post-25-market-update	education	https://images.unsplash.com/photo-1611974789855-9c2a0a7236a3?w=800&q=80	[{"text": "This is the introductory paragraph for education post 25. It contains some generated text to simulate a real article. The market has shown interesting trends recently.", "type": "paragraph"}, {"text": "Detailed Analysis", "type": "h1"}, {"text": "Here is a deeper dive into the numbers and data. As we can see from the charts, the moving averages have crossed, indicating a potential shift in momentum.", "type": "paragraph"}, {"url": "https://images.unsplash.com/photo-1611162617474-5b21e879e113?w=800&q=80", "type": "image", "caption": "Figure 1: Market Trends Overview"}, {"text": "In conclusion, investors should remain cautious but optimistic. Proper risk management remains the key to long-term success.", "type": "paragraph"}]	2026-06-12	Alice Smith	Senior Analyst	["Highlight 1 for education post 25", "Highlight 2 showing key data points", "Highlight 3 summarizing the conclusion"]	3	\N	0
137	Test Education Post 31: Market Update and Analysis	This is a generated subtitle for the test education post number 31. It provides a brief overview of the content.	test-education-post-31-market-update	education	https://images.unsplash.com/photo-1590283603385-17ffb3a7f29f?w=800&q=80	[{"text": "This is the introductory paragraph for education post 31. It contains some generated text to simulate a real article. The market has shown interesting trends recently.", "type": "paragraph"}, {"text": "Detailed Analysis", "type": "h1"}, {"text": "Here is a deeper dive into the numbers and data. As we can see from the charts, the moving averages have crossed, indicating a potential shift in momentum.", "type": "paragraph"}, {"url": "https://images.unsplash.com/photo-1611974789855-9c2a0a7236a3?w=800&q=80", "type": "image", "caption": "Figure 1: Market Trends Overview"}, {"text": "In conclusion, investors should remain cautious but optimistic. Proper risk management remains the key to long-term success.", "type": "paragraph"}]	2026-06-12	Sarah Jenkins	Tech Reporter	["Highlight 1 for education post 31", "Highlight 2 showing key data points", "Highlight 3 summarizing the conclusion"]	3	\N	0
143	Test Education Post 37: Market Update and Analysis	This is a generated subtitle for the test education post number 37. It provides a brief overview of the content.	test-education-post-37-market-update	education	https://images.unsplash.com/photo-1611974789855-9c2a0a7236a3?w=800&q=80	[{"text": "This is the introductory paragraph for education post 37. It contains some generated text to simulate a real article. The market has shown interesting trends recently.", "type": "paragraph"}, {"text": "Detailed Analysis", "type": "h1"}, {"text": "Here is a deeper dive into the numbers and data. As we can see from the charts, the moving averages have crossed, indicating a potential shift in momentum.", "type": "paragraph"}, {"url": "https://images.unsplash.com/photo-1611974789855-9c2a0a7236a3?w=800&q=80", "type": "image", "caption": "Figure 1: Market Trends Overview"}, {"text": "In conclusion, investors should remain cautious but optimistic. Proper risk management remains the key to long-term success.", "type": "paragraph"}]	2026-06-12	Bob Johnson	Market Researcher	["Highlight 1 for education post 37", "Highlight 2 showing key data points", "Highlight 3 summarizing the conclusion"]	4	\N	0
149	Test Education Post 43: Market Update and Analysis	This is a generated subtitle for the test education post number 43. It provides a brief overview of the content.	test-education-post-43-market-update	education	https://images.unsplash.com/photo-1526304640581-d334cdbbf45e?w=800&q=80	[{"text": "This is the introductory paragraph for education post 43. It contains some generated text to simulate a real article. The market has shown interesting trends recently.", "type": "paragraph"}, {"text": "Detailed Analysis", "type": "h1"}, {"text": "Here is a deeper dive into the numbers and data. As we can see from the charts, the moving averages have crossed, indicating a potential shift in momentum.", "type": "paragraph"}, {"url": "https://images.unsplash.com/photo-1526304640581-d334cdbbf45e?w=800&q=80", "type": "image", "caption": "Figure 1: Market Trends Overview"}, {"text": "In conclusion, investors should remain cautious but optimistic. Proper risk management remains the key to long-term success.", "type": "paragraph"}]	2026-06-12	Jose C S	Founder & CEO	["Highlight 1 for education post 43", "Highlight 2 showing key data points", "Highlight 3 summarizing the conclusion"]	4	\N	0
155	Test Education Post 49: Market Update and Analysis	This is a generated subtitle for the test education post number 49. It provides a brief overview of the content.	test-education-post-49-market-update	education	https://images.unsplash.com/photo-1526304640581-d334cdbbf45e?w=800&q=80	[{"text": "This is the introductory paragraph for education post 49. It contains some generated text to simulate a real article. The market has shown interesting trends recently.", "type": "paragraph"}, {"text": "Detailed Analysis", "type": "h1"}, {"text": "Here is a deeper dive into the numbers and data. As we can see from the charts, the moving averages have crossed, indicating a potential shift in momentum.", "type": "paragraph"}, {"url": "https://images.unsplash.com/photo-1526304640581-d334cdbbf45e?w=800&q=80", "type": "image", "caption": "Figure 1: Market Trends Overview"}, {"text": "In conclusion, investors should remain cautious but optimistic. Proper risk management remains the key to long-term success.", "type": "paragraph"}]	2026-06-12	Sarah Jenkins	Tech Reporter	["Highlight 1 for education post 49", "Highlight 2 showing key data points", "Highlight 3 summarizing the conclusion"]	2	\N	0
161	Test Education Post 55: Market Update and Analysis	This is a generated subtitle for the test education post number 55. It provides a brief overview of the content.	test-education-post-55-market-update	education	https://images.unsplash.com/photo-1526304640581-d334cdbbf45e?w=800&q=80	[{"text": "This is the introductory paragraph for education post 55. It contains some generated text to simulate a real article. The market has shown interesting trends recently.", "type": "paragraph"}, {"text": "Detailed Analysis", "type": "h1"}, {"text": "Here is a deeper dive into the numbers and data. As we can see from the charts, the moving averages have crossed, indicating a potential shift in momentum.", "type": "paragraph"}, {"url": "https://images.unsplash.com/photo-1611162617474-5b21e879e113?w=800&q=80", "type": "image", "caption": "Figure 1: Market Trends Overview"}, {"text": "In conclusion, investors should remain cautious but optimistic. Proper risk management remains the key to long-term success.", "type": "paragraph"}]	2026-06-12	Sarah Jenkins	Tech Reporter	["Highlight 1 for education post 55", "Highlight 2 showing key data points", "Highlight 3 summarizing the conclusion"]	4	\N	0
167	Test Education Post 61: Market Update and Analysis	This is a generated subtitle for the test education post number 61. It provides a brief overview of the content.	test-education-post-61-market-update	education	https://images.unsplash.com/photo-1611974789855-9c2a0a7236a3?w=800&q=80	[{"text": "This is the introductory paragraph for education post 61. It contains some generated text to simulate a real article. The market has shown interesting trends recently.", "type": "paragraph"}, {"text": "Detailed Analysis", "type": "h1"}, {"text": "Here is a deeper dive into the numbers and data. As we can see from the charts, the moving averages have crossed, indicating a potential shift in momentum.", "type": "paragraph"}, {"url": "https://images.unsplash.com/photo-1611974789855-9c2a0a7236a3?w=800&q=80", "type": "image", "caption": "Figure 1: Market Trends Overview"}, {"text": "In conclusion, investors should remain cautious but optimistic. Proper risk management remains the key to long-term success.", "type": "paragraph"}]	2026-06-12	Bob Johnson	Market Researcher	["Highlight 1 for education post 61", "Highlight 2 showing key data points", "Highlight 3 summarizing the conclusion"]	4	\N	0
173	Test Education Post 67: Market Update and Analysis	This is a generated subtitle for the test education post number 67. It provides a brief overview of the content.	test-education-post-67-market-update	education	https://images.unsplash.com/photo-1611162617474-5b21e879e113?w=800&q=80	[{"text": "This is the introductory paragraph for education post 67. It contains some generated text to simulate a real article. The market has shown interesting trends recently.", "type": "paragraph"}, {"text": "Detailed Analysis", "type": "h1"}, {"text": "Here is a deeper dive into the numbers and data. As we can see from the charts, the moving averages have crossed, indicating a potential shift in momentum.", "type": "paragraph"}, {"url": "https://images.unsplash.com/photo-1526304640581-d334cdbbf45e?w=800&q=80", "type": "image", "caption": "Figure 1: Market Trends Overview"}, {"text": "In conclusion, investors should remain cautious but optimistic. Proper risk management remains the key to long-term success.", "type": "paragraph"}]	2026-06-12	Jose C S	Founder & CEO	["Highlight 1 for education post 67", "Highlight 2 showing key data points", "Highlight 3 summarizing the conclusion"]	2	\N	0
179	Test Education Post 73: Market Update and Analysis	This is a generated subtitle for the test education post number 73. It provides a brief overview of the content.	test-education-post-73-market-update	education	https://images.unsplash.com/photo-1611162617474-5b21e879e113?w=800&q=80	[{"text": "This is the introductory paragraph for education post 73. It contains some generated text to simulate a real article. The market has shown interesting trends recently.", "type": "paragraph"}, {"text": "Detailed Analysis", "type": "h1"}, {"text": "Here is a deeper dive into the numbers and data. As we can see from the charts, the moving averages have crossed, indicating a potential shift in momentum.", "type": "paragraph"}, {"url": "https://images.unsplash.com/photo-1611162617474-5b21e879e113?w=800&q=80", "type": "image", "caption": "Figure 1: Market Trends Overview"}, {"text": "In conclusion, investors should remain cautious but optimistic. Proper risk management remains the key to long-term success.", "type": "paragraph"}]	2026-06-12	Sarah Jenkins	Tech Reporter	["Highlight 1 for education post 73", "Highlight 2 showing key data points", "Highlight 3 summarizing the conclusion"]	3	\N	0
185	Test Education Post 79: Market Update and Analysis	This is a generated subtitle for the test education post number 79. It provides a brief overview of the content.	test-education-post-79-market-update	education	https://images.unsplash.com/photo-1611162617474-5b21e879e113?w=800&q=80	[{"text": "This is the introductory paragraph for education post 79. It contains some generated text to simulate a real article. The market has shown interesting trends recently.", "type": "paragraph"}, {"text": "Detailed Analysis", "type": "h1"}, {"text": "Here is a deeper dive into the numbers and data. As we can see from the charts, the moving averages have crossed, indicating a potential shift in momentum.", "type": "paragraph"}, {"url": "https://images.unsplash.com/photo-1611974789855-9c2a0a7236a3?w=800&q=80", "type": "image", "caption": "Figure 1: Market Trends Overview"}, {"text": "In conclusion, investors should remain cautious but optimistic. Proper risk management remains the key to long-term success.", "type": "paragraph"}]	2026-06-12	Bob Johnson	Market Researcher	["Highlight 1 for education post 79", "Highlight 2 showing key data points", "Highlight 3 summarizing the conclusion"]	4	\N	0
191	Test Education Post 85: Market Update and Analysis	This is a generated subtitle for the test education post number 85. It provides a brief overview of the content.	test-education-post-85-market-update	education	https://images.unsplash.com/photo-1590283603385-17ffb3a7f29f?w=800&q=80	[{"text": "This is the introductory paragraph for education post 85. It contains some generated text to simulate a real article. The market has shown interesting trends recently.", "type": "paragraph"}, {"text": "Detailed Analysis", "type": "h1"}, {"text": "Here is a deeper dive into the numbers and data. As we can see from the charts, the moving averages have crossed, indicating a potential shift in momentum.", "type": "paragraph"}, {"url": "https://images.unsplash.com/photo-1611974789855-9c2a0a7236a3?w=800&q=80", "type": "image", "caption": "Figure 1: Market Trends Overview"}, {"text": "In conclusion, investors should remain cautious but optimistic. Proper risk management remains the key to long-term success.", "type": "paragraph"}]	2026-06-12	Sarah Jenkins	Tech Reporter	["Highlight 1 for education post 85", "Highlight 2 showing key data points", "Highlight 3 summarizing the conclusion"]	3	\N	0
197	Test Education Post 91: Market Update and Analysis	This is a generated subtitle for the test education post number 91. It provides a brief overview of the content.	test-education-post-91-market-update	education	https://images.unsplash.com/photo-1526304640581-d334cdbbf45e?w=800&q=80	[{"text": "This is the introductory paragraph for education post 91. It contains some generated text to simulate a real article. The market has shown interesting trends recently.", "type": "paragraph"}, {"text": "Detailed Analysis", "type": "h1"}, {"text": "Here is a deeper dive into the numbers and data. As we can see from the charts, the moving averages have crossed, indicating a potential shift in momentum.", "type": "paragraph"}, {"url": "https://images.unsplash.com/photo-1611162617474-5b21e879e113?w=800&q=80", "type": "image", "caption": "Figure 1: Market Trends Overview"}, {"text": "In conclusion, investors should remain cautious but optimistic. Proper risk management remains the key to long-term success.", "type": "paragraph"}]	2026-06-12	Jose C S	Founder & CEO	["Highlight 1 for education post 91", "Highlight 2 showing key data points", "Highlight 3 summarizing the conclusion"]	2	\N	0
203	Test Education Post 97: Market Update and Analysis	This is a generated subtitle for the test education post number 97. It provides a brief overview of the content.	test-education-post-97-market-update	education	https://images.unsplash.com/photo-1611974789855-9c2a0a7236a3?w=800&q=80	[{"text": "This is the introductory paragraph for education post 97. It contains some generated text to simulate a real article. The market has shown interesting trends recently.", "type": "paragraph"}, {"text": "Detailed Analysis", "type": "h1"}, {"text": "Here is a deeper dive into the numbers and data. As we can see from the charts, the moving averages have crossed, indicating a potential shift in momentum.", "type": "paragraph"}, {"url": "https://images.unsplash.com/photo-1611974789855-9c2a0a7236a3?w=800&q=80", "type": "image", "caption": "Figure 1: Market Trends Overview"}, {"text": "In conclusion, investors should remain cautious but optimistic. Proper risk management remains the key to long-term success.", "type": "paragraph"}]	2026-06-12	Bob Johnson	Market Researcher	["Highlight 1 for education post 97", "Highlight 2 showing key data points", "Highlight 3 summarizing the conclusion"]	4	\N	0
205	Test Education Post 99: Market Update and Analysis	This is a generated subtitle for the test education post number 99. It provides a brief overview of the content.	test-education-post-99-market-update	education	https://images.unsplash.com/photo-1611974789855-9c2a0a7236a3?w=800&q=80	[{"text": "This is the introductory paragraph for education post 99. It contains some generated text to simulate a real article. The market has shown interesting trends recently.", "type": "paragraph"}, {"text": "Detailed Analysis", "type": "h1"}, {"text": "Here is a deeper dive into the numbers and data. As we can see from the charts, the moving averages have crossed, indicating a potential shift in momentum.", "type": "paragraph"}, {"url": "https://images.unsplash.com/photo-1611162617474-5b21e879e113?w=800&q=80", "type": "image", "caption": "Figure 1: Market Trends Overview"}, {"text": "In conclusion, investors should remain cautious but optimistic. Proper risk management remains the key to long-term success.", "type": "paragraph"}]	2026-06-12	Jose C S	Founder & CEO	["Highlight 1 for education post 99", "Highlight 2 showing key data points", "Highlight 3 summarizing the conclusion"]	3	\N	0
17	Test News Post 11: Market Update and Analysis	This is a generated subtitle for the test news post number 11. It provides a brief overview of the content.	test-news-post-11-market-update	news	https://images.unsplash.com/photo-1590283603385-17ffb3a7f29f?w=800&q=80	[{"text": "This is the introductory paragraph for news post 11. It contains some generated text to simulate a real article. The market has shown interesting trends recently.", "type": "paragraph"}, {"text": "Detailed Analysis", "type": "h1"}, {"text": "Here is a deeper dive into the numbers and data. As we can see from the charts, the moving averages have crossed, indicating a potential shift in momentum.", "type": "paragraph"}, {"url": "https://images.unsplash.com/photo-1611974789855-9c2a0a7236a3?w=800&q=80", "type": "image", "caption": "Figure 1: Market Trends Overview"}, {"text": "In conclusion, investors should remain cautious but optimistic. Proper risk management remains the key to long-term success.", "type": "paragraph"}]	2026-06-12	Sarah Jenkins	Tech Reporter	["Highlight 1 for news post 11", "Highlight 2 showing key data points", "Highlight 3 summarizing the conclusion"]	\N	latest	0
\.


--
-- Data for Name: posts_dailysentiment; Type: TABLE DATA; Schema: public; Owner: moneygreeks
--

COPY public.posts_dailysentiment (id, date, bullish_votes, bearish_votes) FROM stdin;
1	2026-06-12	3	2
2	2026-06-13	0	0
3	2026-06-14	0	0
\.


--
-- Data for Name: posts_educationcategory; Type: TABLE DATA; Schema: public; Owner: moneygreeks
--

COPY public.posts_educationcategory (id, name, slug, description, created_at) FROM stdin;
1	Introductory	introductory	Beginner guides and core market concepts.	2026-06-12 20:12:48.912359+05:30
2	Technical Analysis	technical-analysis	In-depth chart patterns and quantitative analysis.	2026-06-12 20:12:48.915373+05:30
3	Fundamental Analysis	fundamental-analysis	Evaluating intrinsic value and corporate health.	2026-06-12 20:12:48.916373+05:30
4	Macro Trends	macro-trends	Global economic policies and structural market signals.	2026-06-12 20:12:48.917648+05:30
\.


--
-- Data for Name: posts_enquiry; Type: TABLE DATA; Schema: public; Owner: moneygreeks
--

COPY public.posts_enquiry (id, first_name, last_name, email, subject, message, created_at, is_read) FROM stdin;
1	Jose	C S	Josecschalil@gmail.com	General Inquiry	Testing Contact Section	2026-06-12 23:58:21.183154+05:30	f
2	Jose	C S	Josecschalil@gmail.com	General Inquiry	Testing it for the second time	2026-06-12 23:58:37.883277+05:30	f
\.


--
-- Data for Name: posts_globalmarketanalysis; Type: TABLE DATA; Schema: public; Owner: moneygreeks
--

COPY public.posts_globalmarketanalysis (id, analysis, report_id) FROM stdin;
1	Here you can find premarket quotes for relevant stock market futures (eg Dow Jones Futures, Nasdaq Futures and S&P 500 Futures) and world markets indices.Here you can find premarket quotes for relevant stock market futures (eg Dow Jones Futures, Nasdaq Futures and S&P 500 Futures) and world markets indices.Here you can find premarket quotes for relevant stock market futures (eg Dow Jones Futures, Nasdaq Futures and S&P 500 Futures) and world markets indices.	1
2	Markets function as vital, dynamic mechanisms for exchanging goods and services, driving economic growth through price discovery, competition, and efficient resource allocation. They constantly adapt to shifting preferences and technologies, though they may require regulation to correct imperfections. Understanding these structures is essential for assessing business strategy, risks, and economic performance.	2
3	NSE exclusive data and Combined FII / FPI & Domestic Institutional Investors (DII) trading data across BSE, NSE and MSEI is collated based on trades executed by FIIs / FPIs and DIIs.\r\nThe FII/FPI data is based on today's activity compiled based on PANs provided by NSDL.\r\nThis trade data is provisional and subject to change, inter-alia, on account of custodial confirmation process, modifications etc.	3
13	Global market cues are included as context for today's opening setup. Because free global sources can be delayed, traders should treat them as a broad risk indicator and confirm the domestic opening range before taking a directional view.	13
15	Global market cues are included as context for today's opening setup. Because free global sources can be delayed, traders should treat them as a broad risk indicator and confirm the domestic opening range before taking a directional view.	15
16	Global market cues are included as context for today's opening setup. Because free global sources can be delayed, traders should treat them as a broad risk indicator and confirm the domestic opening range before taking a directional view.	16
\.


--
-- Data for Name: posts_globalmarketindex; Type: TABLE DATA; Schema: public; Owner: moneygreeks
--

COPY public.posts_globalmarketindex (id, index_name, prev_close, open_price, change, change_percent, trend, report_id) FROM stdin;
1	nasdaq	1122.00	222.00	262.0000	65.0000	up	1
2	nasdaqs	1122.00	222.00	262.0000	65.0000	down	1
3	nasdaqssad	1122.00	222.00	262.0000	65.0000	up	1
4	nasdaqs	1122.00	222.00	262.0000	65.0000	up	1
5	nifty	323.00	222.00	234.0000	65.0000	up	1
6	niftysdf	323.00	222.00	234.0000	65.0000	down	2
7	sdfswfs	3233.00	222.00	234.0000	65.0000	down	2
8	sdfswfssdfasd	3233.00	222.00	234.0000	65.0000	down	2
9	sdfswfssdfasd	3233.00	222.00	234.0000	65.0000	up	2
10	S&P 500	6836.17	6834.27	3.4100	0.0500	up	3
11	Nasdaq Composite	22546.67	22561.46	50.4800	0.2200	down	3
12	Dow Jones	49500.93	49439.58	48.9500	0.1000	up	3
13	GIFT NIFTY	25520.00	25453.50	66.5000	0.2600	up	3
14	Nikkei 225	56941.97	57197.33	697.8700	1.2100	down	3
15	Hang Seng	26567.12	26640.16	465.4200	1.7200	down	3
16	SSE Composite	4082.07	4115.92	51.9500	1.2600	down	3
24	GIFT Nifty	23480.00	23558.00	78.0000	0.3300	up	13
25	Dow Jones Futures	50687.07	51156.90	469.8300	0.9300	up	13
26	Nasdaq	27093.91	26853.98	-239.9300	-0.8900	down	13
27	S&P 500	7609.78	7553.68	-56.1000	-0.7400	down	13
28	Hang Seng	25633.21	25250.00	-383.2100	-1.4900	down	13
29	Nikkei 225	68402.13	67429.00	-973.1300	-1.4200	down	13
30	KOSPI	8801.49	8639.41	-162.0800	-1.8400	down	13
38	GIFT Nifty	23447.00	23091.00	-356.0000	-1.5200	down	15
39	Dow Jones	51561.93	50866.78	-695.1500	-1.3500	down	15
40	Nasdaq	26830.96	25709.43	-1121.5300	-4.1800	down	15
41	S&P 500	7584.31	7383.74	-200.5700	-2.6400	down	15
42	Hang Seng	25253.40	24961.95	-291.4500	-1.1500	down	15
43	Nikkei 225	67470.69	66588.12	-882.5700	-1.3100	down	15
44	KOSPI	8639.41	8160.59	-478.8200	-5.5400	down	15
45	GIFT Nifty	23695.00	23656.00	-39.0000	-0.1600	down	16
46	Dow Jones	50848.75	51013.57	164.8200	0.3200	up	16
47	Nasdaq	25809.66	25747.68	-61.9800	-0.2400	down	16
48	S&P 500	7394.30	7401.45	7.1500	0.1000	up	16
49	Hang Seng	24249.29	24636.32	387.0300	1.6000	up	16
50	Nikkei 225	64217.27	66020.04	1802.7700	2.8100	up	16
51	KOSPI	7763.95	8123.62	359.6700	4.6300	up	16
\.


--
-- Data for Name: posts_indianmarketanalysis; Type: TABLE DATA; Schema: public; Owner: moneygreeks
--

COPY public.posts_indianmarketanalysis (id, analysis, report_id) FROM stdin;
1	Here you can find premarket quotes for relevant stock market futures (eg Dow Jones Futures, Nasdaq Futures and S&P 500 Futures) and world markets indices.Here you can find premarket quotes for relevant stock market futures (eg Dow Jones Futures, Nasdaq Futures and S&P 500 Futures) and world markets indices.Here you can find premarket quotes for relevant stock market futures (eg Dow Jones Futures, Nasdaq Futures and S&P 500 Futures) and world markets indices.	1
11	The domestic setup is selective based on institutional activity, market breadth, sector rotation, and stock-specific movement. NIFTY options for the 09-Jun-2026 expiry show a balanced PCR near 0.96, with highest call OI at 24000.00 and highest put OI at 22500.00. These are OI walls for expiry context, not direct day-trading support or resistance. From spot, the put wall is 3.91% away and call wall is 2.49% away, so live price action should decide intraday levels. Traders should wait for opening-range confirmation and avoid chasing the first move without clear volume support.	13
13	The domestic setup is selective based on institutional activity, market breadth, sector rotation, and stock-specific movement. NIFTY options for the 09-Jun-2026 expiry show a call-heavy PCR near 0.70, which keeps the setup cautious unless price confirms strength, with highest call OI at 24000.00 and highest put OI at 22500.00. These are OI walls for expiry context, not direct day-trading support or resistance. From spot, the put wall is 3.71% away and call wall is 2.71% away, so live price action should decide intraday levels. Traders should wait for opening-range confirmation and avoid chasing the first move without clear volume support.	15
14	The domestic setup is selective based on institutional activity, market breadth, sector rotation, and stock-specific movement. NIFTY options for the 16-Jun-2026 expiry show a put-heavy PCR near 1.74, which can indicate supportive positioning but also requires confirmation, with highest call OI at 24000.00 and highest put OI at 22500.00. These are OI walls for expiry context, not direct day-trading support or resistance. From spot, the put wall is 4.75% away and call wall is 1.60% away, so live price action should decide intraday levels. Traders should wait for opening-range confirmation and avoid chasing the first move without clear volume support.	16
\.


--
-- Data for Name: posts_indianmarketindex; Type: TABLE DATA; Schema: public; Owner: moneygreeks
--

COPY public.posts_indianmarketindex (id, index_name, prev_close, open_price, change, change_percent, trend, report_id) FROM stdin;
1	nasdaq	1122.00	222.00	262.00	234.00	up	1
2	nasdaqsa	1122.00	222.00	262.00	234.00	up	1
3	nasda	1122.00	222.00	262.00	231.00	down	1
4	nasdasa	1122.00	222.00	262.00	231.00	down	1
5	nasdasaj	1122.00	222.00	262.00	231.00	down	1
6	sdfsadf	32.00	21.00	324.00	432.00	up	2
7	sdfsadf123	32.00	21.00	324.00	432.00	up	2
8	qwedqweqw	32.00	21.00	324.00	432.00	up	2
9	qwedqweqwdsf	32.00	21.00	324.00	432.00	down	2
10	Nifty 50	25807.20	25471.10	336.10	1.30	down	3
11	SENSEX	83674.92	82626.76	1048.16	1.25	down	3
12	Nifty Bank	47702.90	60186.65	553.10	0.91	down	3
13	Nifty VIX	11.72	13.50	1.78	15.18	up	3
35	NIFTY 50	23405.60	23416.55	10.95	0.05	up	13
36	NIFTY BANK	54185.95	54307.85	121.90	0.22	up	13
37	NIFTY 500	22451.85	22497.70	45.85	0.20	up	13
38	INDIA VIX	16.28	15.89	-0.39	-2.41	down	13
43	NIFTY 50	23416.55	23366.70	-49.85	-0.21	down	15
44	NIFTY BANK	54307.85	54496.25	188.40	0.35	up	15
45	NIFTY 500	22497.70	22465.35	-32.35	-0.14	down	15
46	INDIA VIX	15.89	15.79	-0.10	-0.61	down	15
47	NIFTY 50	23161.60	23622.90	461.30	1.99	up	16
48	NIFTY BANK	55176.75	56814.80	1638.05	2.97	up	16
49	NIFTY 500	22114.45	22599.80	485.35	2.19	up	16
50	INDIA VIX	15.61	14.72	-0.89	-5.73	down	16
\.


--
-- Data for Name: posts_institutionalflow; Type: TABLE DATA; Schema: public; Owner: moneygreeks
--

COPY public.posts_institutionalflow (id, institution_type, date, buy_value, sell_value, net_value, trend, report_id) FROM stdin;
1	FII	2026-01-20	23123.00	123132.00	123.00	up	1
2	DII	2026-01-20	23123.00	123132.00	123.00	down	1
3	FII	2026-02-13	32131.00	123123.00	1321.00	up	2
4	DII	2026-02-13	32123131.00	123123.00	1321.00	down	2
5	FII	2026-02-13	20605.87	15051.91	5553.96	up	3
6	DII	2026-02-13	14586.73	21982.14	7395.41	down	3
25	DII	2026-06-04	17530.00	11789.11	5740.89	up	13
26	FII	2026-06-04	17053.63	22670.19	-5616.56	down	13
29	DII	2026-06-05	22779.32	13645.75	9133.57	up	15
30	FII	2026-06-05	11044.57	19820.82	-8776.25	down	15
31	DII	2026-06-12	18877.03	13535.74	5341.29	up	16
32	FII	2026-06-12	12064.61	13146.79	-1082.18	down	16
\.


--
-- Data for Name: posts_institutionalflowanalysis; Type: TABLE DATA; Schema: public; Owner: moneygreeks
--

COPY public.posts_institutionalflowanalysis (id, analysis, report_id) FROM stdin;
1	Here you can find premarket quotes for relevant stock market futures (eg Dow Jones Futures, Nasdaq Futures and S&P 500 Futures) and world markets indices.Here you can find premarket quotes for relevant stock market futures (eg Dow Jones Futures, Nasdaq Futures and S&P 500 Futures) and world markets indices.	1
11	Institutional flow is mixed, with dii support against fii selling. FII net activity stands at -Rs 5,616.56 crore, while DII net activity stands at Rs 5,740.89 crore. When foreign and domestic flows diverge, traders should watch whether domestic buying can absorb selling pressure. A clean intraday bias is stronger only when price action confirms the flow data after the market opens.	13
13	Institutional flow is mixed, with dii support against fii selling. FII net activity stands at -Rs 8,776.25 crore, while DII net activity stands at Rs 9,133.57 crore. When foreign and domestic flows diverge, traders should watch whether domestic buying can absorb selling pressure. A clean intraday bias is stronger only when price action confirms the flow data after the market opens.	15
14	Institutional flow is mixed, with dii support against fii selling. FII net activity stands at -Rs 1,082.18 crore, while DII net activity stands at Rs 5,341.29 crore. When foreign and domestic flows diverge, traders should watch whether domestic buying can absorb selling pressure. A clean intraday bias is stronger only when price action confirms the flow data after the market opens.	16
\.


--
-- Data for Name: posts_marketbreadth; Type: TABLE DATA; Schema: public; Owner: moneygreeks
--

COPY public.posts_marketbreadth (id, advancing, declining, advance_decline_ratio, report_id) FROM stdin;
1	1231	1231	231.00	1
2	2312	1231	123.00	2
12	1815	1471	1.23	13
14	1623	1694	0.96	15
15	2739	564	4.86	16
\.


--
-- Data for Name: posts_marketreport; Type: TABLE DATA; Schema: public; Owner: moneygreeks
--

COPY public.posts_marketreport (id, title, slug, report_date, overall_conclusion, created_at, updated_at, image_url, status, raw_data, quality_score, report_type, quality_notes) FROM stdin;
1	First January Report	first-report-submission-demo	2026-01-06	Here you can find premarket quotes for relevant stock market futures (eg Dow Jones Futures, Nasdaq Futures and S&P 500 Futures) and world markets indices.	2026-01-11 09:08:44.958413+05:30	2026-01-11 09:08:44.958413+05:30	https://images.unsplash.com/photo-1520607162513-77705c0f0d4a	draft	\N	0	limited	\N
2	February Pre Market Report	february-pre-market-report	2026-02-13	Markets function as vital, dynamic mechanisms for exchanging goods and services, driving economic growth through price discovery, competition, and efficient resource allocation. They constantly adapt to shifting preferences and technologies, though they may require regulation to correct imperfections. Understanding these structures is essential for assessing business strategy, risks, and economic performance.	2026-02-13 11:51:28.337553+05:30	2026-02-13 11:51:28.337553+05:30	https://images.unsplash.com/photo-1520607162513-77705c0f0d4a	draft	\N	0	limited	\N
3	14th February Pre Market Report	february-14-pre-market-report	2026-02-14	Popularly known as stock pre-market, this trading activity brings both good and bad results. However, for experienced traders, this time period is used to bring better trading opportunities.\r\n\r\nPre-market trading is a vital component of the Indian stock market, which was founded by the National Stock Exchange in 2010. Buy and sell orders are placed within this 15-minute window, which starts at 9.00 AM and ends at 9.15 AM.	2026-02-14 05:41:25.206946+05:30	2026-02-14 05:41:25.206946+05:30	https://iongroup.com/wp-content/uploads/2025/01/T16277_Blog-post-on-24-hour-trading-in-equities-markets_Featured-Image.png	draft	\N	0	limited	\N
13	Pre-Market Report: Nifty, Bank Nifty, FII/DII Data and Stocks to Watch - 04 June 2026	pre-market-report-2026-06-04	2026-06-04	Today's pre-market setup points to a selective market bias. Institutional activity is mixed, with dii support against fii selling, while market breadth is balanced with an advance-decline ratio of 1.23. This suggests traders should begin the session with a prepared watchlist rather than a fixed directional view.\n\nSector rotation is important today. Strength is visible in NIFTY MEDIA, NIFTY CONSUMER DURABLES and NIFTY MIDSMALL HEALTHCARE, while weakness is visible in NIFTY METAL, NIFTY IT and NIFTY CEMENT. Active gainers include TITAN, ETERNAL, CIPLA, COALINDIA and ADANIENT, whereas pressure is visible in INFY, HINDALCO, SBILIFE, BAJAJFINSV and ULTRACEMCO.\n\nOptions data shows a balanced PCR near 0.96; the largest OI strikes are better treated as expiry positioning, not automatic intraday support or resistance. From spot, the put wall is 3.91% away and call wall is 2.49% away, so live price action should decide intraday levels. The safer approach is to wait for opening-range confirmation, use nearby price levels from the live chart, and keep risk management and position sizing controlled. This report is for market preparation and education only, not a direct buy or sell recommendation.	2026-06-04 17:34:27.177706+05:30	2026-06-04 17:34:27.177706+05:30	https://images.unsplash.com/photo-1520607162513-77705c0f0d4a	published	{"_meta": {"collector": "PremarketDataCollector", "source_status": {"nse_fii_dii": "ok", "nse_session": "failed: HTTP Error 403: Forbidden", "nse_top_losers": "ok", "nse_top_gainers": "ok", "nse_option_chain": "ok", "nse_indian_indices": "ok", "nse_market_breadth": "ok", "nse_sectoral_indices": "ok", "google_finance_context": "empty", "moneycontrol_global_indices": "ok"}}, "top_losers": [{"ltp": "1204.4", "symbol": "INFY", "volume": "12755957", "pct_change": "-1.49", "prev_close": "1222.6"}, {"ltp": "1125.1", "symbol": "HINDALCO", "volume": "3868557", "pct_change": "-1.21", "prev_close": "1138.9"}, {"ltp": "1763", "symbol": "SBILIFE", "volume": "727483", "pct_change": "-1.19", "prev_close": "1784.2"}, {"ltp": "1714.9", "symbol": "BAJAJFINSV", "volume": "767631", "pct_change": "-1.12", "prev_close": "1734.4"}, {"ltp": "11000", "symbol": "ULTRACEMCO", "volume": "541327", "pct_change": "-0.91", "prev_close": "11101"}, {"ltp": "1302.9", "symbol": "JSWSTEEL", "volume": "958385", "pct_change": "-0.76", "prev_close": "1312.9"}, {"ltp": "1381.6", "symbol": "NESTLEIND", "volume": "1793823", "pct_change": "-0.71", "prev_close": "1391.5"}, {"ltp": "1793", "symbol": "ADANIPORTS", "volume": "1369988", "pct_change": "-0.6", "prev_close": "1803.8"}, {"ltp": "210.8", "symbol": "TATASTEEL", "volume": "18939468", "pct_change": "-0.51", "prev_close": "211.89"}, {"ltp": "365", "symbol": "NTPC", "volume": "14363519", "pct_change": "-0.49", "prev_close": "366.8"}, {"ltp": "1173.6", "symbol": "HCLTECH", "volume": "2025595", "pct_change": "-0.46", "prev_close": "1179"}, {"ltp": "2081.4", "symbol": "HINDUNILVR", "volume": "2142735", "pct_change": "-0.44", "prev_close": "2090.6"}, {"ltp": "1308", "symbol": "RELIANCE", "volume": "23474327", "pct_change": "-0.4", "prev_close": "1313.2"}, {"ltp": "1781.6", "symbol": "SUNPHARMA", "volume": "2343536", "pct_change": "-0.39", "prev_close": "1788.5"}, {"ltp": "8265", "symbol": "APOLLOHOSP", "volume": "345278", "pct_change": "-0.31", "prev_close": "8290.5"}, {"ltp": "1819.9", "symbol": "BHARTIARTL", "volume": "6735759", "pct_change": "-0.23", "prev_close": "1824.1"}, {"ltp": "2658.3", "symbol": "ASIANPAINT", "volume": "1840743", "pct_change": "-0.15", "prev_close": "2662.4"}, {"ltp": "3948", "symbol": "LT", "volume": "1398297", "pct_change": "-0.13", "prev_close": "3953.2"}, {"ltp": "573.95", "symbol": "HDFCLIFE", "volume": "854448", "pct_change": "-0.08", "prev_close": "574.4"}, {"ltp": "204", "symbol": "WIPRO", "volume": "40659957", "pct_change": "-0.05", "prev_close": "204.1"}], "global_cues": {"indices": [{"last": "23558.00", "name": "GIFT Nifty", "trend": "up", "change": "78.00", "source": "moneycontrol", "index_name": "GIFT Nifty", "prev_close": "23480.0", "market_time": "5:33 PM", "market_state": "open", "updated_date": "04 Jun, 2026", "change_percent": "0.33"}, {"last": "51156.90", "name": "Dow Jones Futures", "trend": "up", "change": "469.83", "source": "moneycontrol", "index_name": "Dow Jones Futures", "prev_close": "50687.07", "market_time": "5:34 PM", "market_state": "PRE", "updated_date": "04 Jun, 2026", "change_percent": "0.93"}, {"last": "26853.98", "name": "Nasdaq", "trend": "down", "change": "-239.93", "source": "moneycontrol", "index_name": "Nasdaq", "prev_close": "27093.91", "market_time": "1:29 AM", "market_state": "closed", "updated_date": "04 Jun, 2026", "change_percent": "-0.89"}, {"last": "7553.68", "name": "S&P 500", "trend": "down", "change": "-56.10", "source": "moneycontrol", "index_name": "S&P 500", "prev_close": "7609.780000000001", "market_time": "1:29 AM", "market_state": "closed", "updated_date": "04 Jun, 2026", "change_percent": "-0.74"}, {"last": "25250.00", "name": "Hang Seng", "trend": "down", "change": "-383.21", "source": "moneycontrol", "index_name": "Hang Seng", "prev_close": "25633.21", "market_time": "1:30 PM", "market_state": "closed", "updated_date": "04 Jun, 2026", "change_percent": "-1.49"}, {"last": "67429.00", "name": "Nikkei 225", "trend": "down", "change": "-973.13", "source": "moneycontrol", "index_name": "Nikkei 225", "prev_close": "68402.13", "market_time": "11:30 AM", "market_state": "closed", "updated_date": "04 Jun, 2026", "change_percent": "-1.42"}, {"last": "8639.41", "name": "KOSPI", "trend": "down", "change": "-162.08", "source": "moneycontrol", "index_name": "KOSPI", "prev_close": "8801.49", "market_time": "12:02 PM", "market_state": "closed", "updated_date": "04 Jun, 2026", "change_percent": "-1.84"}], "commodities_currency": []}, "report_date": "2026-06-04", "top_gainers": [{"ltp": "4238.8", "symbol": "TITAN", "volume": "1761933", "pct_change": "3.67", "prev_close": "4088.8"}, {"ltp": "254.4", "symbol": "ETERNAL", "volume": "36690161", "pct_change": "3", "prev_close": "247"}, {"ltp": "1402", "symbol": "CIPLA", "volume": "1548692", "pct_change": "1.95", "prev_close": "1375.2"}, {"ltp": "481", "symbol": "COALINDIA", "volume": "16059802", "pct_change": "1.84", "prev_close": "472.3"}, {"ltp": "2977.9", "symbol": "ADANIENT", "volume": "1722991", "pct_change": "1.79", "prev_close": "2925.6"}, {"ltp": "280.1", "symbol": "ITC", "volume": "22017634", "pct_change": "1.12", "prev_close": "277"}, {"ltp": "1486.8", "symbol": "TECHM", "volume": "2061503", "pct_change": "0.98", "prev_close": "1472.3"}, {"ltp": "10360", "symbol": "BAJAJ-AUTO", "volume": "539031", "pct_change": "0.98", "prev_close": "10259"}, {"ltp": "979.25", "symbol": "SBIN", "volume": "18875883", "pct_change": "0.91", "prev_close": "970.45"}, {"ltp": "1253", "symbol": "ICICIBANK", "volume": "19461560", "pct_change": "0.89", "prev_close": "1242"}, {"ltp": "410.1", "symbol": "BEL", "volume": "9119774", "pct_change": "0.86", "prev_close": "406.6"}, {"ltp": "237", "symbol": "JIOFIN", "volume": "9053339", "pct_change": "0.84", "prev_close": "235.03"}, {"ltp": "400.5", "symbol": "TMPV", "volume": "12067304", "pct_change": "0.59", "prev_close": "398.15"}, {"ltp": "3025", "symbol": "M&M", "volume": "2788572", "pct_change": "0.46", "prev_close": "3011.1"}, {"ltp": "917", "symbol": "SHRIRAMFIN", "volume": "3666582", "pct_change": "0.44", "prev_close": "912.95"}, {"ltp": "1268.7", "symbol": "DRREDDY", "volume": "944045", "pct_change": "0.43", "prev_close": "1263.3"}, {"ltp": "1147.2", "symbol": "TATACONSUM", "volume": "1711734", "pct_change": "0.28", "prev_close": "1144"}, {"ltp": "13079", "symbol": "MARUTI", "volume": "465070", "pct_change": "0.27", "prev_close": "13044"}, {"ltp": "967.95", "symbol": "MAXHEALTH", "volume": "1513891", "pct_change": "0.25", "prev_close": "965.55"}, {"ltp": "4520", "symbol": "INDIGO", "volume": "565503", "pct_change": "0.18", "prev_close": "4512.1"}], "collected_at": "2026-06-04T12:04:01.213765+00:00", "source_status": {"nse_fii_dii": "ok", "nse_session": "failed: HTTP Error 403: Forbidden", "nse_top_losers": "ok", "nse_top_gainers": "ok", "nse_option_chain": "ok", "nse_indian_indices": "ok", "nse_market_breadth": "ok", "nse_sectoral_indices": "ok", "google_finance_context": "empty", "moneycontrol_global_indices": "ok"}, "indian_indices": [{"last": "23416.55", "trend": "up", "change": "10.95", "source": "nse", "index_name": "NIFTY 50", "prev_close": "23405.6", "change_percent": 0.05}, {"last": "54307.85", "trend": "up", "change": "121.9", "source": "nse", "index_name": "NIFTY BANK", "prev_close": "54185.95", "change_percent": 0.22}, {"last": "22497.7", "trend": "up", "change": "45.85", "source": "nse", "index_name": "NIFTY 500", "prev_close": "22451.85", "change_percent": 0.2}, {"last": "15.89", "trend": "down", "change": "-0.39", "source": "nse", "index_name": "INDIA VIX", "prev_close": "16.28", "change_percent": -2.41}], "market_breadth": {"ad_ratio": 1.23, "advances": 1815, "declines": 1471}, "sectoral_indices": [{"pb": "2.71", "pe": "15.85", "last": "27294.20", "trend": "up", "change": "0.37", "index_name": "NIFTY FINANCIAL SERVICES 25/50", "pct_change": 0.37, "dividend_yield": "1.00"}, {"pb": "8.35", "pe": "33.18", "last": "48216.00", "trend": "up", "change": "0.19", "index_name": "NIFTY FMCG", "pct_change": 0.19, "dividend_yield": "0.96"}, {"pb": "5.35", "pe": "19.94", "last": "29300.60", "trend": "down", "change": "-0.29", "index_name": "NIFTY IT", "pct_change": -0.29, "dividend_yield": "3.07"}, {"pb": "1.53", "pe": "34.46", "last": "1451.90", "trend": "up", "change": "2.19", "index_name": "NIFTY MEDIA", "pct_change": 2.19, "dividend_yield": "1.21"}, {"pb": "3.50", "pe": "19.97", "last": "13436.00", "trend": "down", "change": "-0.73", "index_name": "NIFTY METAL", "pct_change": -0.73, "dividend_yield": "1.54"}, {"pb": "5.26", "pe": "36.95", "last": "24177.95", "trend": "up", "change": "0.38", "index_name": "NIFTY PHARMA", "pct_change": 0.38, "dividend_yield": "0.67"}, {"pb": "1.21", "pe": "7.97", "last": "8219.35", "trend": "up", "change": "0.41", "index_name": "NIFTY PSU BANK", "pct_change": 0.41, "dividend_yield": "2.36"}, {"pb": "2.09", "pe": "17.24", "last": "26238.50", "trend": "up", "change": "0.17", "index_name": "NIFTY PRIVATE BANK", "pct_change": 0.17, "dividend_yield": "0.62"}, {"pb": "3.66", "pe": "33.53", "last": "764.60", "trend": "up", "change": "0.26", "index_name": "NIFTY REALTY", "pct_change": 0.26, "dividend_yield": "0.39"}, {"pb": "5.75", "pe": "39.70", "last": "15323.15", "trend": "up", "change": "0.34", "index_name": "NIFTY HEALTHCARE INDEX", "pct_change": 0.34, "dividend_yield": "0.56"}, {"pb": "11.39", "pe": "63.70", "last": "35422.40", "trend": "up", "change": "2.18", "index_name": "NIFTY CONSUMER DURABLES", "pct_change": 2.18, "dividend_yield": "0.40"}, {"pb": "1.51", "pe": "8.75", "last": "11159.40", "trend": "up", "change": "0.26", "index_name": "NIFTY OIL & GAS", "pct_change": 0.26, "dividend_yield": "2.32"}, {"pb": "5.87", "pe": "42.88", "last": "47772.55", "trend": "up", "change": "0.69", "index_name": "NIFTY MIDSMALL HEALTHCARE", "pct_change": 0.69, "dividend_yield": "0.39"}, {"pb": "4.13", "pe": "21.49", "last": "30083.90", "trend": "up", "change": "0.22", "index_name": "NIFTY FINANCIAL SERVICES EX-BANK", "pct_change": 0.22, "dividend_yield": "0.68"}, {"pb": "3.17", "pe": "27.75", "last": "21468.05", "trend": "up", "change": "0.29", "index_name": "NIFTY MIDSMALL FINANCIAL SERVICES", "pct_change": 0.29, "dividend_yield": "0.50"}, {"pb": "8.98", "pe": "18.96", "last": "9606.90", "trend": "up", "change": "0.36", "index_name": "NIFTY MIDSMALL IT & TELECOM", "pct_change": 0.36, "dividend_yield": "0.96"}, {"pb": "4.26", "pe": "46.54", "last": "29055.50", "trend": "down", "change": "-0.07", "index_name": "NIFTY CHEMICALS", "pct_change": -0.07, "dividend_yield": "0.59"}, {"pb": "6.05", "pe": "41.65", "last": "19848.20", "trend": "up", "change": "0.45", "index_name": "NIFTY500 HEALTHCARE", "pct_change": 0.45, "dividend_yield": "0.51"}, {"pb": "2.45", "pe": "47.07", "last": "1763.90", "trend": "up", "change": "0.02", "index_name": "NIFTY REITS & REALTY", "pct_change": 0.02, "dividend_yield": "3.32"}, {"pb": "2.28", "pe": "27.46", "last": "14568.50", "trend": "down", "change": "-0.21", "index_name": "NIFTY CEMENT", "pct_change": -0.21, "dividend_yield": "0.47"}], "institutional_flow": [{"trend": "up", "category": "DII", "buy_value": 17530.0, "net_value": 5740.89, "sell_value": 11789.11}, {"trend": "down", "category": "FII", "buy_value": 17053.63, "net_value": -5616.56, "sell_value": 22670.19}], "option_chain_summary": {"NIFTY": {"pcr": 0.96, "expiry": "09-Jun-2026", "max_put_oi": 150644, "max_call_oi": 180116, "underlying_value": 23416.55, "max_put_oi_strike": 22500, "max_call_oi_strike": 24000}, "BANKNIFTY": {"pcr": null, "expiry": "09-Jun-2026", "max_put_oi": null, "max_call_oi": null, "underlying_value": 0, "max_put_oi_strike": null, "max_call_oi_strike": null}}}	100	full	{"report_type": "full", "quality_score": 100, "source_status": {"nse_fii_dii": "ok", "nse_session": "failed: HTTP Error 403: Forbidden", "nse_top_losers": "ok", "nse_top_gainers": "ok", "nse_option_chain": "ok", "nse_indian_indices": "ok", "nse_market_breadth": "ok", "nse_sectoral_indices": "ok", "google_finance_context": "empty", "moneycontrol_global_indices": "ok"}, "missing_sections": [], "present_sections": ["institutional_flow", "market_breadth", "sectoral_indices", "top_gainers", "top_losers", "indian_indices", "option_chain_summary", "global_cues"]}
15	Pre-Market Report: Nifty, Bank Nifty, FII/DII Data and Stocks to Watch - 05 June 2026	pre-market-report-2026-06-05	2026-06-05	Today's pre-market setup points to a selective market bias. Institutional activity is mixed, with dii support against fii selling, while market breadth is balanced with an advance-decline ratio of 0.96. This suggests traders should begin the session with a prepared watchlist rather than a fixed directional view.\n\nSector rotation is important today. Strength is visible in NIFTY MEDIA, NIFTY500 HEALTHCARE and NIFTY REALTY, while weakness is visible in NIFTY METAL, NIFTY IT and NIFTY CEMENT. Active gainers include ADANIENT, HINDUNILVR, ADANIPORTS, BAJFINANCE and AXISBANK, whereas pressure is visible in WIPRO, HINDALCO, TRENT, TCS and COALINDIA.\n\nOptions data shows a call-heavy PCR near 0.70, which keeps the setup cautious unless price confirms strength; the largest OI strikes are better treated as expiry positioning, not automatic intraday support or resistance. From spot, the put wall is 3.71% away and call wall is 2.71% away, so live price action should decide intraday levels. The safer approach is to wait for opening-range confirmation, use nearby price levels from the live chart, and keep risk management and position sizing controlled. This report is for market preparation and education only, not a direct buy or sell recommendation.	2026-06-06 04:40:38.483001+05:30	2026-06-06 04:40:38.483001+05:30	https://images.unsplash.com/photo-1520607162513-77705c0f0d4a	published	{"_meta": {"collector": "PremarketDataCollector", "source_status": {"nse_fii_dii": "ok", "nse_session": "failed: HTTP Error 403: Forbidden", "nse_top_losers": "ok", "nse_top_gainers": "ok", "nse_option_chain": "ok", "nse_indian_indices": "ok", "nse_market_breadth": "ok", "nse_sectoral_indices": "ok", "google_finance_context": "empty", "moneycontrol_global_indices": "ok"}}, "top_losers": [{"ltp": "198.05", "symbol": "WIPRO", "volume": "43539069", "pct_change": "-3.07", "prev_close": "204.32"}, {"ltp": "1092", "symbol": "HINDALCO", "volume": "4546693", "pct_change": "-2.99", "prev_close": "1125.6"}, {"ltp": "2770", "symbol": "TRENT", "volume": "1346639", "pct_change": "-2.38", "prev_close": "2837.6"}, {"ltp": "2196", "symbol": "TCS", "volume": "5019717", "pct_change": "-2.01", "prev_close": "2241"}, {"ltp": "472.05", "symbol": "COALINDIA", "volume": "9592529", "pct_change": "-1.99", "prev_close": "481.65"}, {"ltp": "206.8", "symbol": "TATASTEEL", "volume": "35802398", "pct_change": "-1.79", "prev_close": "210.57"}, {"ltp": "360.75", "symbol": "NTPC", "volume": "10277061", "pct_change": "-1.54", "prev_close": "366.4"}, {"ltp": "1131.8", "symbol": "TATACONSUM", "volume": "998276", "pct_change": "-1.52", "prev_close": "1149.3"}, {"ltp": "264.3", "symbol": "ONGC", "volume": "7493239", "pct_change": "-1.21", "prev_close": "267.55"}, {"ltp": "376.95", "symbol": "KOTAKBANK", "volume": "10129597", "pct_change": "-1.19", "prev_close": "381.5"}, {"ltp": "1798", "symbol": "BHARTIARTL", "volume": "3926715", "pct_change": "-1.15", "prev_close": "1818.9"}, {"ltp": "1155.1", "symbol": "HCLTECH", "volume": "1971395", "pct_change": "-1.13", "prev_close": "1168.3"}, {"ltp": "1286.6", "symbol": "JSWSTEEL", "volume": "1618038", "pct_change": "-1.11", "prev_close": "1301.1"}, {"ltp": "7050", "symbol": "EICHERMOT", "volume": "422329", "pct_change": "-0.84", "prev_close": "7110"}, {"ltp": "748.2", "symbol": "HDFCBANK", "volume": "22116568", "pct_change": "-0.8", "prev_close": "754.2"}, {"ltp": "4473.6", "symbol": "INDIGO", "volume": "788870", "pct_change": "-0.78", "prev_close": "4508.8"}, {"ltp": "10919", "symbol": "ULTRACEMCO", "volume": "424664", "pct_change": "-0.71", "prev_close": "10997"}, {"ltp": "1700", "symbol": "BAJAJFINSV", "volume": "1414054", "pct_change": "-0.57", "prev_close": "1709.8"}, {"ltp": "397.45", "symbol": "TMPV", "volume": "9554051", "pct_change": "-0.56", "prev_close": "399.7"}, {"ltp": "1291.4", "symbol": "RELIANCE", "volume": "17785223", "pct_change": "-0.49", "prev_close": "1303.7"}], "global_cues": {"indices": [{"last": "23091.00", "name": "GIFT Nifty", "trend": "down", "change": "-356.00", "source": "moneycontrol", "index_name": "GIFT Nifty", "prev_close": "23447.0", "market_time": "2:44 AM", "market_state": "closed", "updated_date": "06 Jun, 2026", "change_percent": "-1.52"}, {"last": "50866.78", "name": "Dow Jones", "trend": "down", "change": "-695.15", "source": "moneycontrol", "index_name": "Dow Jones", "prev_close": "51561.93", "market_time": "1:29 AM", "market_state": "closed", "updated_date": "06 Jun, 2026", "change_percent": "-1.35"}, {"last": "25709.43", "name": "Nasdaq", "trend": "down", "change": "-1121.53", "source": "moneycontrol", "index_name": "Nasdaq", "prev_close": "26830.96", "market_time": "1:29 AM", "market_state": "closed", "updated_date": "06 Jun, 2026", "change_percent": "-4.18"}, {"last": "7383.74", "name": "S&P 500", "trend": "down", "change": "-200.57", "source": "moneycontrol", "index_name": "S&P 500", "prev_close": "7584.3099999999995", "market_time": "1:29 AM", "market_state": "closed", "updated_date": "06 Jun, 2026", "change_percent": "-2.64"}, {"last": "24961.95", "name": "Hang Seng", "trend": "down", "change": "-291.45", "source": "moneycontrol", "index_name": "Hang Seng", "prev_close": "25253.4", "market_time": "1:30 PM", "market_state": "closed", "updated_date": "05 Jun, 2026", "change_percent": "-1.15"}, {"last": "66588.12", "name": "Nikkei 225", "trend": "down", "change": "-882.57", "source": "moneycontrol", "index_name": "Nikkei 225", "prev_close": "67470.69", "market_time": "11:30 AM", "market_state": "closed", "updated_date": "05 Jun, 2026", "change_percent": "-1.31"}, {"last": "8160.59", "name": "KOSPI", "trend": "down", "change": "-478.82", "source": "moneycontrol", "index_name": "KOSPI", "prev_close": "8639.41", "market_time": "12:00 PM", "market_state": "closed", "updated_date": "05 Jun, 2026", "change_percent": "-5.54"}], "commodities_currency": []}, "report_date": "2026-06-05", "top_gainers": [{"ltp": "3043", "symbol": "ADANIENT", "volume": "5617327", "pct_change": "2.36", "prev_close": "2972.8"}, {"ltp": "2121.2", "symbol": "HINDUNILVR", "volume": "1822999", "pct_change": "2.01", "prev_close": "2079.4"}, {"ltp": "1826", "symbol": "ADANIPORTS", "volume": "1640762", "pct_change": "1.96", "prev_close": "1790.9"}, {"ltp": "889.55", "symbol": "BAJFINANCE", "volume": "13274646", "pct_change": "1.73", "prev_close": "874.4"}, {"ltp": "1273.3", "symbol": "AXISBANK", "volume": "7825303", "pct_change": "1.6", "prev_close": "1253.3"}, {"ltp": "1283", "symbol": "DRREDDY", "volume": "774687", "pct_change": "1.22", "prev_close": "1267.5"}, {"ltp": "1402", "symbol": "CIPLA", "volume": "1050391", "pct_change": "1.18", "prev_close": "1398.7"}, {"ltp": "1785", "symbol": "SBILIFE", "volume": "715458", "pct_change": "1.14", "prev_close": "1764.9"}, {"ltp": "977", "symbol": "MAXHEALTH", "volume": "1317243", "pct_change": "1.12", "prev_close": "966.2"}, {"ltp": "256.75", "symbol": "ETERNAL", "volume": "34207436", "pct_change": "0.94", "prev_close": "254.35"}, {"ltp": "4268", "symbol": "TITAN", "volume": "1390200", "pct_change": "0.87", "prev_close": "4231"}, {"ltp": "8314.5", "symbol": "APOLLOHOSP", "volume": "187969", "pct_change": "0.79", "prev_close": "8249"}, {"ltp": "3039", "symbol": "M&M", "volume": "1685633", "pct_change": "0.76", "prev_close": "3016.1"}, {"ltp": "922.6", "symbol": "SHRIRAMFIN", "volume": "5769377", "pct_change": "0.74", "prev_close": "915.8"}, {"ltp": "1261", "symbol": "ICICIBANK", "volume": "10166393", "pct_change": "0.74", "prev_close": "1251.7"}, {"ltp": "237.29", "symbol": "JIOFIN", "volume": "12186829", "pct_change": "0.66", "prev_close": "235.74"}, {"ltp": "1391", "symbol": "NESTLEIND", "volume": "1342143", "pct_change": "0.59", "prev_close": "1382.9"}, {"ltp": "2677", "symbol": "ASIANPAINT", "volume": "1615011", "pct_change": "0.58", "prev_close": "2661.6"}, {"ltp": "3962.1", "symbol": "LT", "volume": "1278243", "pct_change": "0.51", "prev_close": "3942.1"}, {"ltp": "285.4", "symbol": "POWERGRID", "volume": "6955072", "pct_change": "0.28", "prev_close": "284.6"}], "collected_at": "2026-06-05T23:10:09.793830+00:00", "source_status": {"nse_fii_dii": "ok", "nse_session": "failed: HTTP Error 403: Forbidden", "nse_top_losers": "ok", "nse_top_gainers": "ok", "nse_option_chain": "ok", "nse_indian_indices": "ok", "nse_market_breadth": "ok", "nse_sectoral_indices": "ok", "google_finance_context": "empty", "moneycontrol_global_indices": "ok"}, "indian_indices": [{"last": "23366.7", "trend": "down", "change": "-49.85", "source": "nse", "index_name": "NIFTY 50", "prev_close": "23416.55", "change_percent": -0.21}, {"last": "54496.25", "trend": "up", "change": "188.4", "source": "nse", "index_name": "NIFTY BANK", "prev_close": "54307.85", "change_percent": 0.35}, {"last": "22465.35", "trend": "down", "change": "-32.35", "source": "nse", "index_name": "NIFTY 500", "prev_close": "22497.7", "change_percent": -0.14}, {"last": "15.79", "trend": "down", "change": "-0.1", "source": "nse", "index_name": "INDIA VIX", "prev_close": "15.89", "change_percent": -0.61}], "market_breadth": {"ad_ratio": 0.96, "advances": 1623, "declines": 1694}, "sectoral_indices": [{"pb": "2.72", "pe": "15.87", "last": "27327.85", "trend": "up", "change": "0.12", "index_name": "NIFTY FINANCIAL SERVICES 25/50", "pct_change": 0.12, "dividend_yield": "1.00"}, {"pb": "8.36", "pe": "33.23", "last": "48302.45", "trend": "up", "change": "0.18", "index_name": "NIFTY FMCG", "pct_change": 0.18, "dividend_yield": "0.96"}, {"pb": "5.29", "pe": "19.74", "last": "29010.30", "trend": "down", "change": "-0.99", "index_name": "NIFTY IT", "pct_change": -0.99, "dividend_yield": "3.10"}, {"pb": "1.58", "pe": "35.66", "last": "1502.45", "trend": "up", "change": "3.48", "index_name": "NIFTY MEDIA", "pct_change": 3.48, "dividend_yield": "1.17"}, {"pb": "3.36", "pe": "19.65", "last": "13221.65", "trend": "down", "change": "-1.60", "index_name": "NIFTY METAL", "pct_change": -1.6, "dividend_yield": "1.56"}, {"pb": "5.18", "pe": "37.06", "last": "24248.05", "trend": "up", "change": "0.29", "index_name": "NIFTY PHARMA", "pct_change": 0.29, "dividend_yield": "0.75"}, {"pb": "1.18", "pe": "7.98", "last": "8259.05", "trend": "up", "change": "0.48", "index_name": "NIFTY PSU BANK", "pct_change": 0.48, "dividend_yield": "2.43"}, {"pb": "2.09", "pe": "17.28", "last": "26299.25", "trend": "up", "change": "0.23", "index_name": "NIFTY PRIVATE BANK", "pct_change": 0.23, "dividend_yield": "0.61"}, {"pb": "3.68", "pe": "33.72", "last": "768.90", "trend": "up", "change": "0.56", "index_name": "NIFTY REALTY", "pct_change": 0.56, "dividend_yield": "0.39"}, {"pb": "5.68", "pe": "39.93", "last": "15409.35", "trend": "up", "change": "0.56", "index_name": "NIFTY HEALTHCARE INDEX", "pct_change": 0.56, "dividend_yield": "0.63"}, {"pb": "11.41", "pe": "63.78", "last": "35464.55", "trend": "up", "change": "0.12", "index_name": "NIFTY CONSUMER DURABLES", "pct_change": 0.12, "dividend_yield": "0.40"}, {"pb": "1.50", "pe": "8.71", "last": "11106.20", "trend": "down", "change": "-0.48", "index_name": "NIFTY OIL & GAS", "pct_change": -0.48, "dividend_yield": "2.48"}, {"pb": "5.90", "pe": "43.07", "last": "47987.50", "trend": "up", "change": "0.45", "index_name": "NIFTY MIDSMALL HEALTHCARE", "pct_change": 0.45, "dividend_yield": "0.39"}, {"pb": "4.13", "pe": "21.51", "last": "30138.30", "trend": "up", "change": "0.18", "index_name": "NIFTY FINANCIAL SERVICES EX-BANK", "pct_change": 0.18, "dividend_yield": "0.68"}, {"pb": "3.16", "pe": "27.65", "last": "21389.75", "trend": "down", "change": "-0.36", "index_name": "NIFTY MIDSMALL FINANCIAL SERVICES", "pct_change": -0.36, "dividend_yield": "0.50"}, {"pb": "8.94", "pe": "18.86", "last": "9556.85", "trend": "down", "change": "-0.52", "index_name": "NIFTY MIDSMALL IT & TELECOM", "pct_change": -0.52, "dividend_yield": "0.96"}, {"pb": "4.27", "pe": "46.66", "last": "29126.95", "trend": "up", "change": "0.25", "index_name": "NIFTY CHEMICALS", "pct_change": 0.25, "dividend_yield": "0.59"}, {"pb": "6.00", "pe": "41.89", "last": "19963.85", "trend": "up", "change": "0.58", "index_name": "NIFTY500 HEALTHCARE", "pct_change": 0.58, "dividend_yield": "0.57"}, {"pb": "2.46", "pe": "47.21", "last": "1769.25", "trend": "up", "change": "0.30", "index_name": "NIFTY REITS & REALTY", "pct_change": 0.3, "dividend_yield": "3.31"}, {"pb": "2.26", "pe": "27.21", "last": "14438.55", "trend": "down", "change": "-0.89", "index_name": "NIFTY CEMENT", "pct_change": -0.89, "dividend_yield": "0.47"}], "institutional_flow": [{"trend": "up", "category": "DII", "buy_value": 22779.32, "net_value": 9133.57, "sell_value": 13645.75}, {"trend": "down", "category": "FII", "buy_value": 11044.57, "net_value": -8776.25, "sell_value": 19820.82}], "option_chain_summary": {"NIFTY": {"pcr": 0.7, "expiry": "09-Jun-2026", "max_put_oi": 157007, "max_call_oi": 265524, "underlying_value": 23366.7, "max_put_oi_strike": 22500, "max_call_oi_strike": 24000}, "BANKNIFTY": {"pcr": null, "expiry": "09-Jun-2026", "max_put_oi": null, "max_call_oi": null, "underlying_value": 0, "max_put_oi_strike": null, "max_call_oi_strike": null}}}	100	full	{"report_type": "full", "quality_score": 100, "source_status": {"nse_fii_dii": "ok", "nse_session": "failed: HTTP Error 403: Forbidden", "nse_top_losers": "ok", "nse_top_gainers": "ok", "nse_option_chain": "ok", "nse_indian_indices": "ok", "nse_market_breadth": "ok", "nse_sectoral_indices": "ok", "google_finance_context": "empty", "moneycontrol_global_indices": "ok"}, "missing_sections": [], "present_sections": ["institutional_flow", "market_breadth", "sectoral_indices", "top_gainers", "top_losers", "indian_indices", "option_chain_summary", "global_cues"]}
16	Pre-Market Report: Nifty, Bank Nifty, FII/DII Data and Stocks to Watch - 12 June 2026	pre-market-report-2026-06-12	2026-06-12	Today's pre-market setup points to a selective market bias. Institutional activity is mixed, with dii support against fii selling, while market breadth is strong with an advance-decline ratio of 4.86. This suggests traders should begin the session with a prepared watchlist rather than a fixed directional view.\n\nSector rotation is important today. Strength is visible in NIFTY FINANCIAL SERVICES EX-BANK, NIFTY REALTY and NIFTY MIDSMALL FINANCIAL SERVICES, while weakness is visible in NIFTY IT. Active gainers include SHRIRAMFIN, BAJFINANCE, LT, INDIGO and TMPV, whereas pressure is visible in NESTLEIND, ONGC, TECHM, SBILIFE and TATACONSUM.\n\nOptions data shows a put-heavy PCR near 1.74, which can indicate supportive positioning but also requires confirmation; the largest OI strikes are better treated as expiry positioning, not automatic intraday support or resistance. From spot, the put wall is 4.75% away and call wall is 1.60% away, so live price action should decide intraday levels. The safer approach is to wait for opening-range confirmation, use nearby price levels from the live chart, and keep risk management and position sizing controlled. This report is for market preparation and education only, not a direct buy or sell recommendation.	2026-06-12 19:36:55.593369+05:30	2026-06-13 10:17:57.753331+05:30	https://images.unsplash.com/photo-1520607162513-77705c0f0d4a	published	{"_meta": {"collector": "PremarketDataCollector", "source_status": {"nse_fii_dii": "ok", "nse_session": "failed: HTTP Error 403: Forbidden", "nse_top_losers": "ok", "nse_top_gainers": "ok", "nse_option_chain": "ok", "nse_indian_indices": "ok", "nse_market_breadth": "ok", "nse_sectoral_indices": "ok", "google_finance_context": "empty", "moneycontrol_global_indices": "ok"}}, "top_losers": [{"ltp": "1376.5", "symbol": "NESTLEIND", "volume": "2380729", "pct_change": "-3.23", "prev_close": "1422.5"}, {"ltp": "246.95", "symbol": "ONGC", "volume": "31112657", "pct_change": "-2.24", "prev_close": "252.6"}, {"ltp": "1433.1", "symbol": "TECHM", "volume": "2460369", "pct_change": "-2.18", "prev_close": "1465.1"}, {"ltp": "1705.2", "symbol": "SBILIFE", "volume": "1438254", "pct_change": "-0.81", "prev_close": "1719.1"}, {"ltp": "1100.7", "symbol": "TATACONSUM", "volume": "1455068", "pct_change": "-0.71", "prev_close": "1108.6"}, {"ltp": "284.95", "symbol": "POWERGRID", "volume": "5478294", "pct_change": "-0.59", "prev_close": "286.65"}, {"ltp": "10074", "symbol": "BAJAJ-AUTO", "volume": "386190", "pct_change": "-0.4", "prev_close": "10114"}, {"ltp": "444.75", "symbol": "COALINDIA", "volume": "9946830", "pct_change": "-0.32", "prev_close": "446.2"}, {"ltp": "1021.8", "symbol": "HINDALCO", "volume": "9388824", "pct_change": "-0.24", "prev_close": "1024.3"}, {"ltp": "1272.9", "symbol": "DRREDDY", "volume": "1645027", "pct_change": "-0.24", "prev_close": "1276"}, {"ltp": "1110", "symbol": "HCLTECH", "volume": "2203987", "pct_change": "-0.02", "prev_close": "1110.2"}], "global_cues": {"indices": [{"last": "23656.00", "name": "GIFT Nifty", "trend": "down", "change": "-39.00", "source": "moneycontrol", "index_name": "GIFT Nifty", "prev_close": "23695.0", "market_time": "7:35 PM", "market_state": "open", "updated_date": "12 Jun, 2026", "change_percent": "-0.16"}, {"last": "51013.57", "name": "Dow Jones", "trend": "up", "change": "164.82", "source": "moneycontrol", "index_name": "Dow Jones", "prev_close": "50848.75", "market_time": "7:36 PM", "market_state": "open", "updated_date": "12 Jun, 2026", "change_percent": "0.32"}, {"last": "25747.68", "name": "Nasdaq", "trend": "down", "change": "-61.98", "source": "moneycontrol", "index_name": "Nasdaq", "prev_close": "25809.66", "market_time": "7:36 PM", "market_state": "open", "updated_date": "12 Jun, 2026", "change_percent": "-0.24"}, {"last": "7401.45", "name": "S&P 500", "trend": "up", "change": "7.15", "source": "moneycontrol", "index_name": "S&P 500", "prev_close": "7394.3", "market_time": "7:36 PM", "market_state": "open", "updated_date": "12 Jun, 2026", "change_percent": "0.10"}, {"last": "24636.32", "name": "Hang Seng", "trend": "up", "change": "387.03", "source": "moneycontrol", "index_name": "Hang Seng", "prev_close": "24249.29", "market_time": "1:30 PM", "market_state": "closed", "updated_date": "12 Jun, 2026", "change_percent": "1.60"}, {"last": "66020.04", "name": "Nikkei 225", "trend": "up", "change": "1802.77", "source": "moneycontrol", "index_name": "Nikkei 225", "prev_close": "64217.27", "market_time": "11:30 AM", "market_state": "closed", "updated_date": "12 Jun, 2026", "change_percent": "2.81"}, {"last": "8123.62", "name": "KOSPI", "trend": "up", "change": "359.67", "source": "moneycontrol", "index_name": "KOSPI", "prev_close": "7763.95", "market_time": "12:03 PM", "market_state": "closed", "updated_date": "12 Jun, 2026", "change_percent": "4.63"}], "commodities_currency": []}, "report_date": "2026-06-12", "top_gainers": [{"ltp": "958", "symbol": "SHRIRAMFIN", "volume": "9760441", "pct_change": "8.1", "prev_close": "886.25"}, {"ltp": "920", "symbol": "BAJFINANCE", "volume": "11729668", "pct_change": "5.68", "prev_close": "870.55"}, {"ltp": "4050", "symbol": "LT", "volume": "3065790", "pct_change": "4.87", "prev_close": "3862"}, {"ltp": "4705", "symbol": "INDIGO", "volume": "2530474", "pct_change": "4.5", "prev_close": "4502.4"}, {"ltp": "391", "symbol": "TMPV", "volume": "7787586", "pct_change": "4.02", "prev_close": "375.9"}, {"ltp": "4179", "symbol": "TITAN", "volume": "1122271", "pct_change": "3.82", "prev_close": "4025.2"}, {"ltp": "244.05", "symbol": "ETERNAL", "volume": "23501911", "pct_change": "3.76", "prev_close": "235.2"}, {"ltp": "771.95", "symbol": "HDFCBANK", "volume": "36088159", "pct_change": "3.67", "prev_close": "744.6"}, {"ltp": "236.33", "symbol": "JIOFIN", "volume": "12744670", "pct_change": "3.64", "prev_close": "228.02"}, {"ltp": "1691.9", "symbol": "BAJAJFINSV", "volume": "1486234", "pct_change": "2.84", "prev_close": "1645.1"}, {"ltp": "404", "symbol": "KOTAKBANK", "volume": "17227481", "pct_change": "2.71", "prev_close": "393.35"}, {"ltp": "1353", "symbol": "AXISBANK", "volume": "8535670", "pct_change": "2.71", "prev_close": "1317.3"}, {"ltp": "1296.4", "symbol": "RELIANCE", "volume": "11988785", "pct_change": "2.64", "prev_close": "1263"}, {"ltp": "11110", "symbol": "ULTRACEMCO", "volume": "192524", "pct_change": "2.59", "prev_close": "10830"}, {"ltp": "1825", "symbol": "BHARTIARTL", "volume": "5910557", "pct_change": "2.38", "prev_close": "1782.6"}, {"ltp": "557.15", "symbol": "HDFCLIFE", "volume": "2966637", "pct_change": "2.18", "prev_close": "545.25"}, {"ltp": "197.83", "symbol": "TATASTEEL", "volume": "27622963", "pct_change": "2", "prev_close": "197.96"}, {"ltp": "13350", "symbol": "MARUTI", "volume": "559038", "pct_change": "1.92", "prev_close": "13098"}, {"ltp": "2740.1", "symbol": "ASIANPAINT", "volume": "1078025", "pct_change": "1.83", "prev_close": "2690.9"}, {"ltp": "2756", "symbol": "TRENT", "volume": "583327", "pct_change": "1.81", "prev_close": "2710.9"}], "collected_at": "2026-06-12T14:05:56.558679+00:00", "source_status": {"nse_fii_dii": "ok", "nse_session": "failed: HTTP Error 403: Forbidden", "nse_top_losers": "ok", "nse_top_gainers": "ok", "nse_option_chain": "ok", "nse_indian_indices": "ok", "nse_market_breadth": "ok", "nse_sectoral_indices": "ok", "google_finance_context": "empty", "moneycontrol_global_indices": "ok"}, "indian_indices": [{"last": "23622.9", "trend": "up", "change": "461.3", "source": "nse", "index_name": "NIFTY 50", "prev_close": "23161.6", "change_percent": 1.99}, {"last": "56814.8", "trend": "up", "change": "1638.05", "source": "nse", "index_name": "NIFTY BANK", "prev_close": "55176.75", "change_percent": 2.97}, {"last": "22599.8", "trend": "up", "change": "485.35", "source": "nse", "index_name": "NIFTY 500", "prev_close": "22114.45", "change_percent": 2.19}, {"last": "14.72", "trend": "down", "change": "-0.89", "source": "nse", "index_name": "INDIA VIX", "prev_close": "15.61", "change_percent": -5.73}], "market_breadth": {"ad_ratio": 4.86, "advances": 2739, "declines": 564}, "sectoral_indices": [{"pb": "2.79", "pe": "16.31", "last": "28093.35", "trend": "up", "change": "3.01", "index_name": "NIFTY FINANCIAL SERVICES 25/50", "pct_change": 3.01, "dividend_yield": "0.96"}, {"pb": "8.44", "pe": "33.60", "last": "48827.60", "trend": "up", "change": "0.63", "index_name": "NIFTY FMCG", "pct_change": 0.63, "dividend_yield": "0.95"}, {"pb": "5.09", "pe": "18.80", "last": "27795.75", "trend": "down", "change": "-0.09", "index_name": "NIFTY IT", "pct_change": -0.09, "dividend_yield": "3.25"}, {"pb": "1.57", "pe": "35.31", "last": "1487.60", "trend": "up", "change": "1.51", "index_name": "NIFTY MEDIA", "pct_change": 1.51, "dividend_yield": "1.18"}, {"pb": "3.16", "pe": "19.10", "last": "12854.50", "trend": "up", "change": "0.95", "index_name": "NIFTY METAL", "pct_change": 0.95, "dividend_yield": "1.65"}, {"pb": "5.12", "pe": "37.26", "last": "24380.05", "trend": "up", "change": "0.30", "index_name": "NIFTY PHARMA", "pct_change": 0.3, "dividend_yield": "0.75"}, {"pb": "1.20", "pe": "8.16", "last": "8528.75", "trend": "up", "change": "2.71", "index_name": "NIFTY PSU BANK", "pct_change": 2.71, "dividend_yield": "1.78"}, {"pb": "2.20", "pe": "18.17", "last": "27649.70", "trend": "up", "change": "2.84", "index_name": "NIFTY PRIVATE BANK", "pct_change": 2.84, "dividend_yield": "0.58"}, {"pb": "3.64", "pe": "33.75", "last": "769.60", "trend": "up", "change": "3.53", "index_name": "NIFTY REALTY", "pct_change": 3.53, "dividend_yield": "0.39"}, {"pb": "5.64", "pe": "40.30", "last": "15551.70", "trend": "up", "change": "0.33", "index_name": "NIFTY HEALTHCARE INDEX", "pct_change": 0.33, "dividend_yield": "0.63"}, {"pb": "11.25", "pe": "62.91", "last": "34982.85", "trend": "up", "change": "2.38", "index_name": "NIFTY CONSUMER DURABLES", "pct_change": 2.38, "dividend_yield": "0.43"}, {"pb": "1.49", "pe": "8.64", "last": "11012.30", "trend": "up", "change": "2.16", "index_name": "NIFTY OIL & GAS", "pct_change": 2.16, "dividend_yield": "2.54"}, {"pb": "5.89", "pe": "43.30", "last": "48244.85", "trend": "up", "change": "0.55", "index_name": "NIFTY MIDSMALL HEALTHCARE", "pct_change": 0.55, "dividend_yield": "0.38"}, {"pb": "4.16", "pe": "21.68", "last": "30375.05", "trend": "up", "change": "3.83", "index_name": "NIFTY FINANCIAL SERVICES EX-BANK", "pct_change": 3.83, "dividend_yield": "0.61"}, {"pb": "3.21", "pe": "28.10", "last": "21749.50", "trend": "up", "change": "3.39", "index_name": "NIFTY MIDSMALL FINANCIAL SERVICES", "pct_change": 3.39, "dividend_yield": "0.42"}, {"pb": "8.65", "pe": "18.30", "last": "9273.35", "trend": "up", "change": "1.06", "index_name": "NIFTY MIDSMALL IT & TELECOM", "pct_change": 1.06, "dividend_yield": "0.97"}, {"pb": "4.33", "pe": "46.87", "last": "29261.60", "trend": "up", "change": "1.90", "index_name": "NIFTY CHEMICALS", "pct_change": 1.9, "dividend_yield": "0.60"}, {"pb": "5.96", "pe": "42.26", "last": "20140.05", "trend": "up", "change": "0.45", "index_name": "NIFTY500 HEALTHCARE", "pct_change": 0.45, "dividend_yield": "0.56"}, {"pb": "2.45", "pe": "47.21", "last": "1769.50", "trend": "up", "change": "1.31", "index_name": "NIFTY REITS & REALTY", "pct_change": 1.31, "dividend_yield": "3.31"}, {"pb": "2.18", "pe": "27.29", "last": "14480.35", "trend": "up", "change": "2.49", "index_name": "NIFTY CEMENT", "pct_change": 2.49, "dividend_yield": "0.54"}], "institutional_flow": [{"trend": "up", "category": "DII", "buy_value": 18877.03, "net_value": 5341.29, "sell_value": 13535.74}, {"trend": "down", "category": "FII", "buy_value": 12064.61, "net_value": -1082.18, "sell_value": 13146.79}], "option_chain_summary": {"NIFTY": {"pcr": 1.74, "expiry": "16-Jun-2026", "max_put_oi": 214895, "max_call_oi": 161563, "underlying_value": 23622.9, "max_put_oi_strike": 22500, "max_call_oi_strike": 24000}, "BANKNIFTY": {"pcr": null, "expiry": "16-Jun-2026", "max_put_oi": null, "max_call_oi": null, "underlying_value": 0, "max_put_oi_strike": null, "max_call_oi_strike": null}}}	100	full	{"report_type": "full", "quality_score": 100, "source_status": {"nse_fii_dii": "ok", "nse_session": "failed: HTTP Error 403: Forbidden", "nse_top_losers": "ok", "nse_top_gainers": "ok", "nse_option_chain": "ok", "nse_indian_indices": "ok", "nse_market_breadth": "ok", "nse_sectoral_indices": "ok", "google_finance_context": "empty", "moneycontrol_global_indices": "ok"}, "missing_sections": [], "present_sections": ["institutional_flow", "market_breadth", "sectoral_indices", "top_gainers", "top_losers", "indian_indices", "option_chain_summary", "global_cues"]}
\.


--
-- Data for Name: posts_newslettersubscriber; Type: TABLE DATA; Schema: public; Owner: moneygreeks
--

COPY public.posts_newslettersubscriber (id, email, subscribed_at) FROM stdin;
1	Josecschalil@gmail.com	2026-01-13 02:40:42.732799+05:30
2	Josecschalil2101@gmail.com	2026-01-13 02:41:34.3267+05:30
3	josecschalil2101@gmail.com	2026-01-13 02:41:46.785122+05:30
4	josecschalil@gmail.com	2026-01-13 02:43:28.148352+05:30
5	pp@gmail.com	2026-01-13 02:43:48.372779+05:30
6	pq@gmail.com	2026-01-13 02:53:04.178485+05:30
7	pqr@gmail.com	2026-01-13 02:53:29.649958+05:30
8	jossecschalil@gmail.com	2026-01-13 02:57:57.729768+05:30
9	Josecscsshalil@gmail.com	2026-01-13 03:02:53.515056+05:30
10	pppfs@gmail.com	2026-01-13 19:29:50.36936+05:30
11	josecschdddddalil@gmail.com	2026-06-13 00:08:01.866207+05:30
12	josecschalil@gmail.comds	2026-06-13 00:08:27.617064+05:30
13	test@example.com	2026-06-13 09:59:39.923905+05:30
\.


--
-- Data for Name: posts_optionchainsummary; Type: TABLE DATA; Schema: public; Owner: moneygreeks
--

COPY public.posts_optionchainsummary (id, symbol, expiry, pcr, max_call_oi_strike, max_call_oi, max_put_oi_strike, max_put_oi, underlying_value, analysis, report_id) FROM stdin;
6	NIFTY	09-Jun-2026	0.96	24000.00	180116	22500.00	150644	23416.55	NIFTY options for the 09-Jun-2026 expiry show a balanced PCR near 0.96, with highest call OI at 24000.00 and highest put OI at 22500.00. These are OI walls for expiry context, not direct day-trading support or resistance. From spot, the put wall is 3.91% away and call wall is 2.49% away, so live price action should decide intraday levels.	13
8	NIFTY	09-Jun-2026	0.70	24000.00	265524	22500.00	157007	23366.70	NIFTY options for the 09-Jun-2026 expiry show a call-heavy PCR near 0.70, which keeps the setup cautious unless price confirms strength, with highest call OI at 24000.00 and highest put OI at 22500.00. These are OI walls for expiry context, not direct day-trading support or resistance. From spot, the put wall is 3.71% away and call wall is 2.71% away, so live price action should decide intraday levels.	15
9	NIFTY	16-Jun-2026	1.74	24000.00	161563	22500.00	214895	23622.90	NIFTY options for the 16-Jun-2026 expiry show a put-heavy PCR near 1.74, which can indicate supportive positioning but also requires confirmation, with highest call OI at 24000.00 and highest put OI at 22500.00. These are OI walls for expiry context, not direct day-trading support or resistance. From spot, the put wall is 4.75% away and call wall is 1.60% away, so live price action should decide intraday levels.	16
\.


--
-- Data for Name: posts_postmarketreport; Type: TABLE DATA; Schema: public; Owner: moneygreeks
--

COPY public.posts_postmarketreport (id, title, slug, report_date, analyst, analyst_designation, overall_conclusion, report_data, is_published, created_at, updated_at) FROM stdin;
1	India is my Country. All indians are my brothers and sisters	india-is-my-country-all-indians-are-my-brothers	2026-06-12	Jose C S	Founder & Head Analyst, MoneyGreeks	The broader trend remains positive. A decisive close above 24,650 on Nifty will trigger fresh momentum. Bank Nifty needs to cross 52,800 to join the rally.	{"fo": {"nifty": {"pcr": 1.18, "spot": 24521.35, "basis": 16.75, "maxPain": 24500, "futuresClose": 24538.1, "ivPercentile": "34th"}, "bankNifty": {"pcr": 0.94, "spot": 52318.7, "basis": 25.5, "maxPain": 52000, "futuresClose": 52344.2, "ivPercentile": "41st"}, "oiActivity": [{"oi": "High Call OI", "strike": "24600 CE", "interpretation": "Strong resistance zone"}, {"oi": "Fresh Put Writing", "strike": "24400 PE", "interpretation": "Support building near 24,400"}, {"oi": "Call Unwinding", "strike": "24500 CE", "interpretation": "Bears losing grip at 24,500"}], "activeOptions": [{"oi": "42.1L", "volume": "18.4L", "instrument": "NIFTY 24500 CE"}, {"oi": "38.7L", "volume": "14.2L", "instrument": "NIFTY 24400 PE"}, {"oi": "22.3L", "volume": "9.8L", "instrument": "BANKNIFTY 52500 CE"}]}, "fiidii": {"dii": {"buy": 8932.1, "net": -1286.35, "sell": 10218.45, "activity": "Net Sellers"}, "fii": {"buy": 14823.42, "net": 2718.75, "sell": 12104.67, "activity": "Net Buyers"}, "note": "FII turned net buyers for the 3rd consecutive session. Provisional data from NSE.", "derivativesNote": "FII net long in index futures: Γé╣1,842 Cr. Increase in long positions suggests cautious optimism."}, "global": {"us": [{"name": "Dow Jones", "value": "42,841", "change": 0.34, "direction": "up"}, {"name": "S&P 500", "value": "5,921", "change": 0.52, "direction": "up"}, {"name": "Nasdaq", "value": "19,340", "change": 0.81, "direction": "up"}], "asia": [{"name": "Nikkei 225", "value": "38,648", "change": -0.21, "direction": "down"}, {"name": "Hang Seng", "value": "18,431", "change": 0.67, "direction": "up"}, {"name": "SGX Nifty", "value": "24,548", "change": 0.18, "direction": "up"}, {"name": "Shanghai", "value": "3,362", "change": -0.14, "direction": "down"}], "commodities": [{"name": "Crude Oil (Brent)", "value": "$82.40", "change": 0.31, "direction": "up"}, {"name": "Gold (MCX)", "value": "Γé╣73,240", "change": -0.18, "direction": "down"}, {"name": "Silver (MCX)", "value": "Γé╣91,820", "change": 0.22, "direction": "up"}, {"name": "USD/INR", "value": "83.42", "change": -0.08, "direction": "down"}]}, "sectors": [{"name": "Nifty IT", "change": 2.34, "leader": "INFY (+3.8%)", "direction": "up"}, {"name": "Nifty Pharma", "change": 1.41, "leader": "SUNPHARMA (+2.1%)", "direction": "up"}, {"name": "Nifty FMCG", "change": 0.73, "leader": "HINDUNILVR (+1.2%)", "direction": "up"}, {"name": "Nifty Realty", "change": 0.62, "leader": "DLF (+1.4%)", "direction": "up"}, {"name": "Nifty Energy", "change": 0.18, "leader": "RELIANCE (+0.4%)", "direction": "up"}, {"name": "Nifty Auto", "change": -0.12, "leader": "TATAMOTORS (-1.2%)", "direction": "down"}, {"name": "Nifty Metal", "change": -0.55, "leader": "TATASTEEL (-1.8%)", "direction": "down"}, {"name": "Nifty PSU Bank", "change": -0.88, "leader": "PNB (-2.1%)", "direction": "down"}, {"name": "Nifty Bank", "change": -0.22, "leader": "AXISBANK (-1.9%)", "direction": "down"}, {"name": "Nifty Media", "change": 0.31, "leader": "PVRINOX (+0.9%)", "direction": "up"}, {"name": "Nifty Infra", "change": -0.19, "leader": "L&T (-0.7%)", "direction": "down"}, {"name": "Nifty Healthcare", "change": 1.28, "leader": "APOLLOHOSP (+2.3%)", "direction": "up"}], "technical": {"nifty": {"bias": "Bullish", "pattern": "Bullish engulfing candle formed on daily chart. RSI at 58 ΓÇö room to move higher. MACD signal line crossover on 15-min chart.", "support": ["24,400", "24,280", "24,150"], "resistance": ["24,600", "24,720", "24,880"]}, "bankNifty": {"bias": "Neutral", "pattern": "Range-bound near 52,000ΓÇô52,500. Watch for breakout on either side with volume. Bearish divergence on hourly RSI.", "support": ["52,000", "51,750", "51,400"], "resistance": ["52,500", "52,800", "53,200"]}, "watchlist": [{"setup": "Breakout above Γé╣1,640 with volume. Target Γé╣1,700.", "symbol": "INFY"}, {"setup": "Continuation trade above Γé╣1,800. Stop at Γé╣1,760.", "symbol": "SUNPHARMA"}, {"setup": "Accumulation zone ΓÇö watch Γé╣880 for fresh entry.", "symbol": "DLF"}, {"setup": "High volume breakout ΓÇö potential swing trade to Γé╣235.", "symbol": "ZOMATO"}], "conclusion": "The broader trend remains positive. A decisive close above 24,650 on Nifty will trigger fresh momentum. Bank Nifty needs to cross 52,800 to join the rally."}, "topLosers": [{"name": "Bajaj Finance", "price": 6821.3, "change": -2.34, "symbol": "BAJFINANCE"}, {"name": "Axis Bank", "price": 1089.45, "change": -1.87, "symbol": "AXISBANK"}, {"name": "Kotak Bank", "price": 1724.8, "change": -1.43, "symbol": "KOTAKBANK"}, {"name": "Tata Motors", "price": 944.2, "change": -1.21, "symbol": "TATAMOTORS"}, {"name": "ICICI Bank", "price": 1318.7, "change": -0.88, "symbol": "ICICIBANK"}], "topGainers": [{"name": "Infosys", "price": 1634.5, "change": 3.82, "symbol": "INFY"}, {"name": "Tata Consultancy", "price": 3512.2, "change": 2.91, "symbol": "TCS"}, {"name": "Wipro", "price": 482.35, "change": 2.47, "symbol": "WIPRO"}, {"name": "Sun Pharma", "price": 1788.9, "change": 2.15, "symbol": "SUNPHARMA"}, {"name": "HCL Technologies", "price": 1642.1, "change": 1.98, "symbol": "HCLTECH"}], "analystCalls": [{"prev": "Neutral ΓåÆ Overweight", "stock": "INFY", "action": "Upgrade", "broker": "Morgan Stanley", "target": "Γé╣1,820"}, {"prev": "Buy ΓåÆ Reduce", "stock": "BAJFINANCE", "action": "Downgrade", "broker": "Kotak Securities", "target": "Γé╣6,500"}, {"prev": "Maintained", "stock": "HDFCBANK", "action": "Buy", "broker": "Nomura", "target": "Γé╣1,980"}], "circuitStocks": {"lowerCircuit": ["YESBANK", "PCJEWELLER", "SUZLON"], "upperCircuit": ["RAILTEL", "RITES", "MAZDOCK", "COCHINSHIP"]}, "marketSummary": {"breadth": {"ratio": "2.07:1", "advances": 1847, "declines": 894, "sentiment": "Bullish", "unchanged": 121}, "indices": [{"name": "Nifty 50", "close": 24521.35, "change": 148.2, "changePct": 0.61, "direction": "up"}, {"name": "Sensex", "close": 80684.45, "change": 497.3, "changePct": 0.62, "direction": "up"}, {"name": "Bank Nifty", "close": 52318.7, "change": -112.55, "changePct": -0.22, "direction": "down"}, {"name": "Nifty Midcap 100", "close": 57843.2, "change": 320.45, "changePct": 0.56, "direction": "up"}, {"name": "Nifty Smallcap 100", "close": 18921.3, "change": 89.75, "changePct": 0.48, "direction": "up"}, {"name": "India VIX", "close": 13.42, "change": -0.38, "changePct": -2.75, "direction": "down"}]}, "volumeShockers": [{"name": "Zomato", "remark": "Breakout candle on high delivery", "symbol": "ZOMATO", "volume": "4.2x"}, {"name": "IRCTC", "remark": "Accumulation near weekly support", "symbol": "IRCTC", "volume": "3.8x"}, {"name": "Adani Ports", "remark": "Institutional block deal detected", "symbol": "ADANIPORTS", "volume": "3.1x"}], "corporateActions": [{"event": "Results", "detail": "Revenue Γé╣63,437 Cr, up 4.4% YoY. PAT Γé╣12,760 Cr.", "company": "TCS Q1FY27"}, {"event": "Dividend", "detail": "Γé╣19/share declared. Ex-date: June 18.", "company": "HINDUNILVR"}, {"event": "Board Meeting", "detail": "June 14 ΓÇö AGM agenda includes new energy updates.", "company": "RELIANCE"}, {"event": "Buyback", "detail": "Γé╣11,000 Cr buyback approved at Γé╣530/share.", "company": "WIPRO"}]}	t	2026-06-13 10:23:40.541538+05:30	2026-06-13 10:23:40.541538+05:30
2	asdasa  dfvgsedrfaesfe aedrgaerrf	asdasa-dfvgsedrfaesfe-aedrgaerrf	2026-06-13	Jose C S	Founder & Head Analyst, MoneyGreeks	lsadndjflknclaksdnfpnapsdfn ,sdlnflnWPFCNPW;F,MF FLKFN FAWNFLK WM WMNFLKAEWNLKWF,WFLSDFL NAASFNLASN FLWAMFWALKF NLAWF LKF LKFN SERNFLA MF AEKEGFPAERF A FLKWEMK AWK A.,EFLKAWE FLK LF;KSANFAS;F	{"fo": {"nifty": {"pcr": 1.18, "spot": 24521.35, "basis": 16.75, "maxPain": 24500, "futuresClose": 24538.1, "ivPercentile": "34th"}, "bankNifty": {"pcr": 0.94, "spot": 52318.7, "basis": 25.5, "maxPain": 52000, "futuresClose": 52344.2, "ivPercentile": "41st"}, "oiActivity": [{"oi": "High Call OI", "strike": "24600 CE", "interpretation": "Strong resistance zone"}], "activeOptions": [{"oi": "42.1L", "volume": "18.4L", "instrument": "NIFTY 24500 CE"}]}, "fiidii": {"dii": {"buy": 8932.1, "net": -1286.35, "sell": 10218.45, "activity": "Net Sellers"}, "fii": {"buy": 14823.42, "net": 2718.75, "sell": 12104.67, "activity": "Net Buyers"}, "note": "FII turned net buyers for the 3rd consecutive session.", "derivativesNote": "FII net long in index futures."}, "global": {"us": [{"name": "Dow Jones", "value": "42,841", "change": 0.34, "direction": "up"}], "asia": [{"name": "Nikkei 225", "value": "38,648", "change": -0.21, "direction": "down"}], "commodities": [{"name": "Crude Oil (Brent)", "value": "$82.40", "change": 0.31, "direction": "up"}]}, "sectors": [{"name": "Nifty IT", "change": 2.34, "leader": "INFY (+3.8%)", "direction": "up"}], "technical": {"nifty": {"bias": "Bullish", "pattern": "Bullish engulfing candle formed on daily chart.", "support": ["24,400", "24,280", "24,150"], "resistance": ["24,600", "24,720", "24,880"]}, "bankNifty": {"bias": "Neutral", "pattern": "Range-bound near 52,000ΓÇô52,500.", "support": ["52,000", "51,750", "51,400"], "resistance": ["52,500", "52,800", "53,200"]}, "watchlist": [{"setup": "Breakout above Γé╣1,640 with volume. Target Γé╣1,700.", "symbol": "INFY"}], "conclusion": "The broader trend remains positive."}, "topLosers": [{"name": "Bajaj Finance", "price": 6821.3, "change": -2.34, "symbol": "BAJFINANCE"}, {"name": "Axis Bank", "price": 1089.45, "change": -1.87, "symbol": "AXISBANK"}], "topGainers": [{"name": "Infosys", "price": 1634.5, "change": 3.82, "symbol": "INFY"}, {"name": "Tata Consultancy", "price": 3512.2, "change": 2.91, "symbol": "TCS"}], "analystCalls": [{"prev": "Neutral ΓåÆ Overweight", "stock": "INFY", "action": "Upgrade", "broker": "Morgan Stanley", "target": "Γé╣1,820"}], "circuitStocks": {"lowerCircuit": ["YESBANK", "SUZLON"], "upperCircuit": ["RAILTEL", "RITES"]}, "marketSummary": {"breadth": {"ratio": "2.07:1", "advances": 1847, "declines": 894, "sentiment": "Bullish", "unchanged": 121}, "indices": [{"name": "Nifty 50", "close": 24521.35, "change": 148.2, "changePct": 0.61, "direction": "up"}, {"name": "Sensex", "close": 80684.45, "change": 497.3, "changePct": 0.62, "direction": "up"}, {"name": "Bank Nifty", "close": 52318.7, "change": -112.55, "changePct": -0.22, "direction": "down"}, {"name": "Nifty Midcap 100", "close": 57843.2, "change": 320.45, "changePct": 0.56, "direction": "up"}, {"name": "Nifty Smallcap 100", "close": 18921.3, "change": 89.75, "changePct": 0.48, "direction": "up"}, {"name": "India VIX", "close": 13.42, "change": -0.38, "changePct": -2.75, "direction": "down"}]}, "quickSnapshot": [{"color": "text-green-600", "label": "Market Bias", "value": "Bullish"}, {"color": "text-green-600", "label": "VIX", "value": "13.42 (Cooling)"}, {"color": "text-green-600", "label": "Nifty PCR", "value": "1.18 (Bullish)"}, {"color": "text-green-600", "label": "FII Flow", "value": "Net Buyers"}, {"color": "text-yellow-600", "label": "Bank Nifty", "value": "Neutral"}, {"color": "text-green-600", "label": "Breadth", "value": "2.07:1 (Strong)"}], "volumeShockers": [{"name": "Zomato", "remark": "Breakout candle on high delivery", "symbol": "ZOMATO", "volume": "4.2x"}], "corporateActions": [{"event": "Results", "detail": "Revenue Γé╣63,437 Cr, up 4.4% YoY. PAT Γé╣12,760 Cr.", "company": "TCS Q1FY27"}]}	t	2026-06-13 12:42:14.482748+05:30	2026-06-13 12:42:14.482748+05:30
\.


--
-- Data for Name: posts_sectoranalysis; Type: TABLE DATA; Schema: public; Owner: moneygreeks
--

COPY public.posts_sectoranalysis (id, analysis, report_id) FROM stdin;
1	Here you can find premarket quotes for relevant stock market futures (eg Dow Jones Futures, Nasdaq Futures and S&P 500 Futures) and world markets indices.Here you can find premarket quotes for relevant stock market futures (eg Dow Jones Futures, Nasdaq Futures and S&P 500 Futures) and world markets indices.Here you can find premarket quotes for relevant stock market futures (eg Dow Jones Futures, Nasdaq Futures and S&P 500 Futures) and world markets indices.	1
11	Sector performance is selective. Leading sectors are NIFTY MEDIA, NIFTY CONSUMER DURABLES and NIFTY MIDSMALL HEALTHCARE, while weaker sectors are NIFTY METAL, NIFTY IT and NIFTY CEMENT. This type of rotation usually favors focused stock selection over broad market chasing. Traders should compare sector strength with index direction before committing to intraday positions.	13
13	Sector performance is selective. Leading sectors are NIFTY MEDIA, NIFTY500 HEALTHCARE and NIFTY REALTY, while weaker sectors are NIFTY METAL, NIFTY IT and NIFTY CEMENT. This type of rotation usually favors focused stock selection over broad market chasing. Traders should compare sector strength with index direction before committing to intraday positions.	15
14	Sector performance is selective. Leading sectors are NIFTY FINANCIAL SERVICES EX-BANK, NIFTY REALTY and NIFTY MIDSMALL FINANCIAL SERVICES, while weaker sectors are NIFTY IT. This type of rotation usually favors focused stock selection over broad market chasing. Traders should compare sector strength with index direction before committing to intraday positions.	16
\.


--
-- Data for Name: posts_sectorperformance; Type: TABLE DATA; Schema: public; Owner: moneygreeks
--

COPY public.posts_sectorperformance (id, category, sector_name, prev_close, change, change_percent, pe, pb, div_yield, report_id) FROM stdin;
1	gainer	sadf	1122.00	262.00	234.00	12.00	324.00	23.00	1
2	gainer	sadfads	1122.00	262.00	234.00	12.00	324.00	23.00	1
3	gainer	sadfads	1122.00	262.00	234.00	12.00	324.00	23.00	1
4	loser	sadfads	1122.00	262.00	234.00	12.00	324.00	23.00	1
5	loser	sadfads	1122.00	262.00	234.00	12.00	324.00	23.00	1
6	loser	sadfads	1122.00	262.00	234.00	12.00	324.00	23.00	1
7	gainer	sfdaasf	323.00	324.00	234.00	12.00	324.00	23.00	1
8	gainer	sfdaasf	323.00	324.00	234.00	12.00	324.00	23.00	1
9	loser	sfdaasf	323.00	324.00	234.00	12.00	324.00	23.00	1
10	loser	sfdaasf	323.00	324.00	234.00	12.00	324.00	23.00	1
11	loser	sfdaasf	323.00	324.00	234.00	12.00	324.00	23.00	2
12	loser	sfdaasf	323.00	324.00	234.00	12.00	324.00	23.00	2
13	gainer	sfdaasf	323.00	324.00	234.00	12.00	324.00	23.00	2
14	gainer	sfdaasf	323.00	324.00	234.00	12.00	324.00	23.00	2
87	gainer	NIFTY FINANCIAL SERVICES EX-BANK	30375.05	3.83	3.83	21.68	4.16	0.61	16
88	gainer	NIFTY REALTY	769.60	3.53	3.53	33.75	3.64	0.39	16
89	gainer	NIFTY MIDSMALL FINANCIAL SERVICES	21749.50	3.39	3.39	28.10	3.21	0.42	16
90	loser	NIFTY IT	27795.75	-0.09	-0.09	18.80	5.09	3.25	16
69	gainer	NIFTY MEDIA	1451.90	2.19	2.19	34.46	1.53	1.21	13
70	gainer	NIFTY CONSUMER DURABLES	35422.40	2.18	2.18	63.70	11.39	0.40	13
71	gainer	NIFTY MIDSMALL HEALTHCARE	47772.55	0.69	0.69	42.88	5.87	0.39	13
72	loser	NIFTY METAL	13436.00	-0.73	-0.73	19.97	3.50	1.54	13
73	loser	NIFTY IT	29300.60	-0.29	-0.29	19.94	5.35	3.07	13
74	loser	NIFTY CEMENT	14568.50	-0.21	-0.21	27.46	2.28	0.47	13
81	gainer	NIFTY MEDIA	1502.45	3.48	3.48	35.66	1.58	1.17	15
82	gainer	NIFTY500 HEALTHCARE	19963.85	0.58	0.58	41.89	6.00	0.57	15
83	gainer	NIFTY REALTY	768.90	0.56	0.56	33.72	3.68	0.39	15
84	loser	NIFTY METAL	13221.65	-1.60	-1.60	19.65	3.36	1.56	15
85	loser	NIFTY IT	29010.30	-0.99	-0.99	19.74	5.29	3.10	15
86	loser	NIFTY CEMENT	14438.55	-0.89	-0.89	27.21	2.26	0.47	15
\.


--
-- Data for Name: posts_stockmover; Type: TABLE DATA; Schema: public; Owner: moneygreeks
--

COPY public.posts_stockmover (id, category, symbol, prev_close, open_price, change_percent, volume, report_id) FROM stdin;
1	gainer	sdsf	1122.00	3242.00	231.00	2	1
2	loser	vhgvhjv	1122.00	3242.00	231.00	2	1
3	loser	vhgvhjvjjn	1122.00	3242.00	231.00	2	1
4	gainer	njnjioj	1122.00	3242.00	231.00	2	1
5	gainer	njnjiojtr	1122.00	3242.00	231.00	2	1
6	loser	ghnbj	1122.00	3242.00	231.00	2	1
7	gainer	asdf	323.00	3242.00	231.00	2	2
8	loser	asdf	323.00	3242.00	231.00	2	2
9	loser	asdf	323.00	3242.00	231.00	2	2
10	gainer	asdf	323.00	3242.00	231.00	2	2
11	gainer	UNIVPHOTO	213.42	256.10	20.00	27544	3
12	gainer	GVPIL	399.75	479.70	20.00	17665190	3
13	gainer	REPRO	423.85	485.00	14.43	274669	3
14	gainer	DIVGIITTS	657.85	750.00	14.01	278858	3
366	gainer	TITAN	4088.80	4238.80	3.67	1761933	13
367	gainer	ETERNAL	247.00	254.40	3.00	36690161	13
368	gainer	CIPLA	1375.20	1402.00	1.95	1548692	13
369	gainer	COALINDIA	472.30	481.00	1.84	16059802	13
370	gainer	ADANIENT	2925.60	2977.90	1.79	1722991	13
371	gainer	ITC	277.00	280.10	1.12	22017634	13
372	gainer	TECHM	1472.30	1486.80	0.98	2061503	13
373	gainer	BAJAJ-AUTO	10259.00	10360.00	0.98	539031	13
374	gainer	SBIN	970.45	979.25	0.91	18875883	13
375	gainer	ICICIBANK	1242.00	1253.00	0.89	19461560	13
376	gainer	BEL	406.60	410.10	0.86	9119774	13
377	gainer	JIOFIN	235.03	237.00	0.84	9053339	13
378	gainer	TMPV	398.15	400.50	0.59	12067304	13
379	gainer	M&M	3011.10	3025.00	0.46	2788572	13
380	gainer	SHRIRAMFIN	912.95	917.00	0.44	3666582	13
381	gainer	DRREDDY	1263.30	1268.70	0.43	944045	13
382	gainer	TATACONSUM	1144.00	1147.20	0.28	1711734	13
383	gainer	MARUTI	13044.00	13079.00	0.27	465070	13
384	gainer	MAXHEALTH	965.55	967.95	0.25	1513891	13
385	gainer	INDIGO	4512.10	4520.00	0.18	565503	13
386	loser	INFY	1222.60	1204.40	-1.49	12755957	13
387	loser	HINDALCO	1138.90	1125.10	-1.21	3868557	13
388	loser	SBILIFE	1784.20	1763.00	-1.19	727483	13
389	loser	BAJAJFINSV	1734.40	1714.90	-1.12	767631	13
390	loser	ULTRACEMCO	11101.00	11000.00	-0.91	541327	13
391	loser	JSWSTEEL	1312.90	1302.90	-0.76	958385	13
392	loser	NESTLEIND	1391.50	1381.60	-0.71	1793823	13
393	loser	ADANIPORTS	1803.80	1793.00	-0.60	1369988	13
394	loser	TATASTEEL	211.89	210.80	-0.51	18939468	13
395	loser	NTPC	366.80	365.00	-0.49	14363519	13
396	loser	HCLTECH	1179.00	1173.60	-0.46	2025595	13
397	loser	HINDUNILVR	2090.60	2081.40	-0.44	2142735	13
398	loser	RELIANCE	1313.20	1308.00	-0.40	23474327	13
399	loser	SUNPHARMA	1788.50	1781.60	-0.39	2343536	13
400	loser	APOLLOHOSP	8290.50	8265.00	-0.31	345278	13
401	loser	BHARTIARTL	1824.10	1819.90	-0.23	6735759	13
402	loser	ASIANPAINT	2662.40	2658.30	-0.15	1840743	13
403	loser	LT	3953.20	3948.00	-0.13	1398297	13
404	loser	HDFCLIFE	574.40	573.95	-0.08	854448	13
405	loser	WIPRO	204.10	204.00	-0.05	40659957	13
446	gainer	ADANIENT	2972.80	3043.00	2.36	5617327	15
447	gainer	HINDUNILVR	2079.40	2121.20	2.01	1822999	15
448	gainer	ADANIPORTS	1790.90	1826.00	1.96	1640762	15
449	gainer	BAJFINANCE	874.40	889.55	1.73	13274646	15
450	gainer	AXISBANK	1253.30	1273.30	1.60	7825303	15
451	gainer	DRREDDY	1267.50	1283.00	1.22	774687	15
452	gainer	CIPLA	1398.70	1402.00	1.18	1050391	15
453	gainer	SBILIFE	1764.90	1785.00	1.14	715458	15
454	gainer	MAXHEALTH	966.20	977.00	1.12	1317243	15
455	gainer	ETERNAL	254.35	256.75	0.94	34207436	15
456	gainer	TITAN	4231.00	4268.00	0.87	1390200	15
457	gainer	APOLLOHOSP	8249.00	8314.50	0.79	187969	15
458	gainer	M&M	3016.10	3039.00	0.76	1685633	15
459	gainer	SHRIRAMFIN	915.80	922.60	0.74	5769377	15
460	gainer	ICICIBANK	1251.70	1261.00	0.74	10166393	15
461	gainer	JIOFIN	235.74	237.29	0.66	12186829	15
462	gainer	NESTLEIND	1382.90	1391.00	0.59	1342143	15
463	gainer	ASIANPAINT	2661.60	2677.00	0.58	1615011	15
464	gainer	LT	3942.10	3962.10	0.51	1278243	15
465	gainer	POWERGRID	284.60	285.40	0.28	6955072	15
466	loser	WIPRO	204.32	198.05	-3.07	43539069	15
467	loser	HINDALCO	1125.60	1092.00	-2.99	4546693	15
468	loser	TRENT	2837.60	2770.00	-2.38	1346639	15
469	loser	TCS	2241.00	2196.00	-2.01	5019717	15
470	loser	COALINDIA	481.65	472.05	-1.99	9592529	15
471	loser	TATASTEEL	210.57	206.80	-1.79	35802398	15
472	loser	NTPC	366.40	360.75	-1.54	10277061	15
473	loser	TATACONSUM	1149.30	1131.80	-1.52	998276	15
474	loser	ONGC	267.55	264.30	-1.21	7493239	15
475	loser	KOTAKBANK	381.50	376.95	-1.19	10129597	15
476	loser	BHARTIARTL	1818.90	1798.00	-1.15	3926715	15
477	loser	HCLTECH	1168.30	1155.10	-1.13	1971395	15
478	loser	JSWSTEEL	1301.10	1286.60	-1.11	1618038	15
479	loser	EICHERMOT	7110.00	7050.00	-0.84	422329	15
480	loser	HDFCBANK	754.20	748.20	-0.80	22116568	15
481	loser	INDIGO	4508.80	4473.60	-0.78	788870	15
482	loser	ULTRACEMCO	10997.00	10919.00	-0.71	424664	15
483	loser	BAJAJFINSV	1709.80	1700.00	-0.57	1414054	15
486	gainer	SHRIRAMFIN	886.25	958.00	8.10	9760441	16
487	gainer	BAJFINANCE	870.55	920.00	5.68	11729668	16
488	gainer	LT	3862.00	4050.00	4.87	3065790	16
489	gainer	INDIGO	4502.40	4705.00	4.50	2530474	16
490	gainer	TMPV	375.90	391.00	4.02	7787586	16
491	gainer	TITAN	4025.20	4179.00	3.82	1122271	16
492	gainer	ETERNAL	235.20	244.05	3.76	23501911	16
493	gainer	HDFCBANK	744.60	771.95	3.67	36088159	16
494	gainer	JIOFIN	228.02	236.33	3.64	12744670	16
495	gainer	BAJAJFINSV	1645.10	1691.90	2.84	1486234	16
496	gainer	KOTAKBANK	393.35	404.00	2.71	17227481	16
497	gainer	AXISBANK	1317.30	1353.00	2.71	8535670	16
498	gainer	RELIANCE	1263.00	1296.40	2.64	11988785	16
499	gainer	ULTRACEMCO	10830.00	11110.00	2.59	192524	16
500	gainer	BHARTIARTL	1782.60	1825.00	2.38	5910557	16
501	gainer	HDFCLIFE	545.25	557.15	2.18	2966637	16
502	gainer	TATASTEEL	197.96	197.83	2.00	27622963	16
503	gainer	MARUTI	13098.00	13350.00	1.92	559038	16
504	gainer	ASIANPAINT	2690.90	2740.10	1.83	1078025	16
505	gainer	TRENT	2710.90	2756.00	1.81	583327	16
506	loser	NESTLEIND	1422.50	1376.50	-3.23	2380729	16
507	loser	ONGC	252.60	246.95	-2.24	31112657	16
508	loser	TECHM	1465.10	1433.10	-2.18	2460369	16
509	loser	SBILIFE	1719.10	1705.20	-0.81	1438254	16
510	loser	TATACONSUM	1108.60	1100.70	-0.71	1455068	16
511	loser	POWERGRID	286.65	284.95	-0.59	5478294	16
512	loser	BAJAJ-AUTO	10114.00	10074.00	-0.40	386190	16
513	loser	COALINDIA	446.20	444.75	-0.32	9946830	16
514	loser	HINDALCO	1024.30	1021.80	-0.24	9388824	16
515	loser	DRREDDY	1276.00	1272.90	-0.24	1645027	16
516	loser	HCLTECH	1110.20	1110.00	-0.02	2203987	16
484	loser	TMPV	399.70	397.45	-0.56	9554051	15
485	loser	RELIANCE	1303.70	1291.40	-0.49	17785223	15
\.


--
-- Data for Name: posts_stockmoveranalysis; Type: TABLE DATA; Schema: public; Owner: moneygreeks
--

COPY public.posts_stockmoveranalysis (id, analysis, report_id) FROM stdin;
1	Here you can find premarket quotes for relevant stock market futures (eg Dow Jones Futures, Nasdaq Futures and S&P 500 Futures) and world markets indices.Here you can find premarket quotes for relevant stock market futures (eg Dow Jones Futures, Nasdaq Futures and S&P 500 Futures) and world markets indices.Here you can find premarket quotes for relevant stock market futures (eg Dow Jones Futures, Nasdaq Futures and S&P 500 Futures) and world markets indices.	1
11	The active gainer list is led by TITAN, ETERNAL, CIPLA, COALINDIA and ADANIENT, showing where early momentum may stay stock-specific. The loser list is led by INFY, HINDALCO, SBILIFE, BAJAJFINSV and ULTRACEMCO, which should be watched for continuation pressure or reversal attempts. A cluster of weakness is visible in Financial Services, so traders should be cautious with long setups in that pocket. Volume confirmation and opening-range behavior should decide whether these names remain actionable.	13
13	The active gainer list is led by ADANIENT, HINDUNILVR, ADANIPORTS, BAJFINANCE and AXISBANK, showing where early momentum may stay stock-specific. The loser list is led by WIPRO, HINDALCO, TRENT, TCS and COALINDIA, which should be watched for continuation pressure or reversal attempts. A cluster of weakness is visible in IT, so traders should be cautious with long setups in that pocket. Volume confirmation and opening-range behavior should decide whether these names remain actionable.	15
14	The active gainer list is led by SHRIRAMFIN, BAJFINANCE, LT, INDIGO and TMPV, showing where early momentum may stay stock-specific. The loser list is led by NESTLEIND, ONGC, TECHM, SBILIFE and TATACONSUM, which should be watched for continuation pressure or reversal attempts. A cluster of weakness is visible in Consumer, so traders should be cautious with long setups in that pocket. Volume confirmation and opening-range behavior should decide whether these names remain actionable.	16
\.


--
-- Name: auth_group_id_seq; Type: SEQUENCE SET; Schema: public; Owner: moneygreeks
--

SELECT pg_catalog.setval('public.auth_group_id_seq', 1, false);


--
-- Name: auth_group_permissions_id_seq; Type: SEQUENCE SET; Schema: public; Owner: moneygreeks
--

SELECT pg_catalog.setval('public.auth_group_permissions_id_seq', 1, false);


--
-- Name: auth_permission_id_seq; Type: SEQUENCE SET; Schema: public; Owner: moneygreeks
--

SELECT pg_catalog.setval('public.auth_permission_id_seq', 100, true);


--
-- Name: auth_user_groups_id_seq; Type: SEQUENCE SET; Schema: public; Owner: moneygreeks
--

SELECT pg_catalog.setval('public.auth_user_groups_id_seq', 1, false);


--
-- Name: auth_user_id_seq; Type: SEQUENCE SET; Schema: public; Owner: moneygreeks
--

SELECT pg_catalog.setval('public.auth_user_id_seq', 1, true);


--
-- Name: auth_user_user_permissions_id_seq; Type: SEQUENCE SET; Schema: public; Owner: moneygreeks
--

SELECT pg_catalog.setval('public.auth_user_user_permissions_id_seq', 1, false);


--
-- Name: django_admin_log_id_seq; Type: SEQUENCE SET; Schema: public; Owner: moneygreeks
--

SELECT pg_catalog.setval('public.django_admin_log_id_seq', 3, true);


--
-- Name: django_content_type_id_seq; Type: SEQUENCE SET; Schema: public; Owner: moneygreeks
--

SELECT pg_catalog.setval('public.django_content_type_id_seq', 25, true);


--
-- Name: django_migrations_id_seq; Type: SEQUENCE SET; Schema: public; Owner: moneygreeks
--

SELECT pg_catalog.setval('public.django_migrations_id_seq', 33, true);


--
-- Name: posts_blogpost_id_seq; Type: SEQUENCE SET; Schema: public; Owner: moneygreeks
--

SELECT pg_catalog.setval('public.posts_blogpost_id_seq', 206, true);


--
-- Name: posts_dailysentiment_id_seq; Type: SEQUENCE SET; Schema: public; Owner: moneygreeks
--

SELECT pg_catalog.setval('public.posts_dailysentiment_id_seq', 3, true);


--
-- Name: posts_educationcategory_id_seq; Type: SEQUENCE SET; Schema: public; Owner: moneygreeks
--

SELECT pg_catalog.setval('public.posts_educationcategory_id_seq', 4, true);


--
-- Name: posts_enquiry_id_seq; Type: SEQUENCE SET; Schema: public; Owner: moneygreeks
--

SELECT pg_catalog.setval('public.posts_enquiry_id_seq', 2, true);


--
-- Name: posts_globalmarketanalysis_id_seq; Type: SEQUENCE SET; Schema: public; Owner: moneygreeks
--

SELECT pg_catalog.setval('public.posts_globalmarketanalysis_id_seq', 16, true);


--
-- Name: posts_globalmarketindex_id_seq; Type: SEQUENCE SET; Schema: public; Owner: moneygreeks
--

SELECT pg_catalog.setval('public.posts_globalmarketindex_id_seq', 51, true);


--
-- Name: posts_indianmarketanalysis_id_seq; Type: SEQUENCE SET; Schema: public; Owner: moneygreeks
--

SELECT pg_catalog.setval('public.posts_indianmarketanalysis_id_seq', 14, true);


--
-- Name: posts_indianmarketindex_id_seq; Type: SEQUENCE SET; Schema: public; Owner: moneygreeks
--

SELECT pg_catalog.setval('public.posts_indianmarketindex_id_seq', 50, true);


--
-- Name: posts_institutionalflow_id_seq; Type: SEQUENCE SET; Schema: public; Owner: moneygreeks
--

SELECT pg_catalog.setval('public.posts_institutionalflow_id_seq', 32, true);


--
-- Name: posts_institutionalflowanalysis_id_seq; Type: SEQUENCE SET; Schema: public; Owner: moneygreeks
--

SELECT pg_catalog.setval('public.posts_institutionalflowanalysis_id_seq', 14, true);


--
-- Name: posts_marketbreadth_id_seq; Type: SEQUENCE SET; Schema: public; Owner: moneygreeks
--

SELECT pg_catalog.setval('public.posts_marketbreadth_id_seq', 15, true);


--
-- Name: posts_marketreport_id_seq; Type: SEQUENCE SET; Schema: public; Owner: moneygreeks
--

SELECT pg_catalog.setval('public.posts_marketreport_id_seq', 16, true);


--
-- Name: posts_newslettersubscriber_id_seq; Type: SEQUENCE SET; Schema: public; Owner: moneygreeks
--

SELECT pg_catalog.setval('public.posts_newslettersubscriber_id_seq', 13, true);


--
-- Name: posts_optionchainsummary_id_seq; Type: SEQUENCE SET; Schema: public; Owner: moneygreeks
--

SELECT pg_catalog.setval('public.posts_optionchainsummary_id_seq', 9, true);


--
-- Name: posts_postmarketreport_id_seq; Type: SEQUENCE SET; Schema: public; Owner: moneygreeks
--

SELECT pg_catalog.setval('public.posts_postmarketreport_id_seq', 2, true);


--
-- Name: posts_sectoranalysis_id_seq; Type: SEQUENCE SET; Schema: public; Owner: moneygreeks
--

SELECT pg_catalog.setval('public.posts_sectoranalysis_id_seq', 14, true);


--
-- Name: posts_sectorperformance_id_seq; Type: SEQUENCE SET; Schema: public; Owner: moneygreeks
--

SELECT pg_catalog.setval('public.posts_sectorperformance_id_seq', 90, true);


--
-- Name: posts_stockmover_id_seq; Type: SEQUENCE SET; Schema: public; Owner: moneygreeks
--

SELECT pg_catalog.setval('public.posts_stockmover_id_seq', 516, true);


--
-- Name: posts_stockmoveranalysis_id_seq; Type: SEQUENCE SET; Schema: public; Owner: moneygreeks
--

SELECT pg_catalog.setval('public.posts_stockmoveranalysis_id_seq', 14, true);


--
-- Name: auth_group auth_group_name_key; Type: CONSTRAINT; Schema: public; Owner: moneygreeks
--

ALTER TABLE ONLY public.auth_group
    ADD CONSTRAINT auth_group_name_key UNIQUE (name);


--
-- Name: auth_group_permissions auth_group_permissions_group_id_permission_id_0cd325b0_uniq; Type: CONSTRAINT; Schema: public; Owner: moneygreeks
--

ALTER TABLE ONLY public.auth_group_permissions
    ADD CONSTRAINT auth_group_permissions_group_id_permission_id_0cd325b0_uniq UNIQUE (group_id, permission_id);


--
-- Name: auth_group_permissions auth_group_permissions_pkey; Type: CONSTRAINT; Schema: public; Owner: moneygreeks
--

ALTER TABLE ONLY public.auth_group_permissions
    ADD CONSTRAINT auth_group_permissions_pkey PRIMARY KEY (id);


--
-- Name: auth_group auth_group_pkey; Type: CONSTRAINT; Schema: public; Owner: moneygreeks
--

ALTER TABLE ONLY public.auth_group
    ADD CONSTRAINT auth_group_pkey PRIMARY KEY (id);


--
-- Name: auth_permission auth_permission_content_type_id_codename_01ab375a_uniq; Type: CONSTRAINT; Schema: public; Owner: moneygreeks
--

ALTER TABLE ONLY public.auth_permission
    ADD CONSTRAINT auth_permission_content_type_id_codename_01ab375a_uniq UNIQUE (content_type_id, codename);


--
-- Name: auth_permission auth_permission_pkey; Type: CONSTRAINT; Schema: public; Owner: moneygreeks
--

ALTER TABLE ONLY public.auth_permission
    ADD CONSTRAINT auth_permission_pkey PRIMARY KEY (id);


--
-- Name: auth_user_groups auth_user_groups_pkey; Type: CONSTRAINT; Schema: public; Owner: moneygreeks
--

ALTER TABLE ONLY public.auth_user_groups
    ADD CONSTRAINT auth_user_groups_pkey PRIMARY KEY (id);


--
-- Name: auth_user_groups auth_user_groups_user_id_group_id_94350c0c_uniq; Type: CONSTRAINT; Schema: public; Owner: moneygreeks
--

ALTER TABLE ONLY public.auth_user_groups
    ADD CONSTRAINT auth_user_groups_user_id_group_id_94350c0c_uniq UNIQUE (user_id, group_id);


--
-- Name: auth_user auth_user_pkey; Type: CONSTRAINT; Schema: public; Owner: moneygreeks
--

ALTER TABLE ONLY public.auth_user
    ADD CONSTRAINT auth_user_pkey PRIMARY KEY (id);


--
-- Name: auth_user_user_permissions auth_user_user_permissions_pkey; Type: CONSTRAINT; Schema: public; Owner: moneygreeks
--

ALTER TABLE ONLY public.auth_user_user_permissions
    ADD CONSTRAINT auth_user_user_permissions_pkey PRIMARY KEY (id);


--
-- Name: auth_user_user_permissions auth_user_user_permissions_user_id_permission_id_14a6b632_uniq; Type: CONSTRAINT; Schema: public; Owner: moneygreeks
--

ALTER TABLE ONLY public.auth_user_user_permissions
    ADD CONSTRAINT auth_user_user_permissions_user_id_permission_id_14a6b632_uniq UNIQUE (user_id, permission_id);


--
-- Name: auth_user auth_user_username_key; Type: CONSTRAINT; Schema: public; Owner: moneygreeks
--

ALTER TABLE ONLY public.auth_user
    ADD CONSTRAINT auth_user_username_key UNIQUE (username);


--
-- Name: django_admin_log django_admin_log_pkey; Type: CONSTRAINT; Schema: public; Owner: moneygreeks
--

ALTER TABLE ONLY public.django_admin_log
    ADD CONSTRAINT django_admin_log_pkey PRIMARY KEY (id);


--
-- Name: django_content_type django_content_type_app_label_model_76bd3d3b_uniq; Type: CONSTRAINT; Schema: public; Owner: moneygreeks
--

ALTER TABLE ONLY public.django_content_type
    ADD CONSTRAINT django_content_type_app_label_model_76bd3d3b_uniq UNIQUE (app_label, model);


--
-- Name: django_content_type django_content_type_pkey; Type: CONSTRAINT; Schema: public; Owner: moneygreeks
--

ALTER TABLE ONLY public.django_content_type
    ADD CONSTRAINT django_content_type_pkey PRIMARY KEY (id);


--
-- Name: django_migrations django_migrations_pkey; Type: CONSTRAINT; Schema: public; Owner: moneygreeks
--

ALTER TABLE ONLY public.django_migrations
    ADD CONSTRAINT django_migrations_pkey PRIMARY KEY (id);


--
-- Name: django_session django_session_pkey; Type: CONSTRAINT; Schema: public; Owner: moneygreeks
--

ALTER TABLE ONLY public.django_session
    ADD CONSTRAINT django_session_pkey PRIMARY KEY (session_key);


--
-- Name: posts_blogpost posts_blogpost_pkey; Type: CONSTRAINT; Schema: public; Owner: moneygreeks
--

ALTER TABLE ONLY public.posts_blogpost
    ADD CONSTRAINT posts_blogpost_pkey PRIMARY KEY (id);


--
-- Name: posts_blogpost posts_blogpost_slug_key; Type: CONSTRAINT; Schema: public; Owner: moneygreeks
--

ALTER TABLE ONLY public.posts_blogpost
    ADD CONSTRAINT posts_blogpost_slug_key UNIQUE (slug);


--
-- Name: posts_dailysentiment posts_dailysentiment_date_key; Type: CONSTRAINT; Schema: public; Owner: moneygreeks
--

ALTER TABLE ONLY public.posts_dailysentiment
    ADD CONSTRAINT posts_dailysentiment_date_key UNIQUE (date);


--
-- Name: posts_dailysentiment posts_dailysentiment_pkey; Type: CONSTRAINT; Schema: public; Owner: moneygreeks
--

ALTER TABLE ONLY public.posts_dailysentiment
    ADD CONSTRAINT posts_dailysentiment_pkey PRIMARY KEY (id);


--
-- Name: posts_educationcategory posts_educationcategory_pkey; Type: CONSTRAINT; Schema: public; Owner: moneygreeks
--

ALTER TABLE ONLY public.posts_educationcategory
    ADD CONSTRAINT posts_educationcategory_pkey PRIMARY KEY (id);


--
-- Name: posts_educationcategory posts_educationcategory_slug_key; Type: CONSTRAINT; Schema: public; Owner: moneygreeks
--

ALTER TABLE ONLY public.posts_educationcategory
    ADD CONSTRAINT posts_educationcategory_slug_key UNIQUE (slug);


--
-- Name: posts_enquiry posts_enquiry_pkey; Type: CONSTRAINT; Schema: public; Owner: moneygreeks
--

ALTER TABLE ONLY public.posts_enquiry
    ADD CONSTRAINT posts_enquiry_pkey PRIMARY KEY (id);


--
-- Name: posts_globalmarketanalysis posts_globalmarketanalysis_pkey; Type: CONSTRAINT; Schema: public; Owner: moneygreeks
--

ALTER TABLE ONLY public.posts_globalmarketanalysis
    ADD CONSTRAINT posts_globalmarketanalysis_pkey PRIMARY KEY (id);


--
-- Name: posts_globalmarketanalysis posts_globalmarketanalysis_report_id_key; Type: CONSTRAINT; Schema: public; Owner: moneygreeks
--

ALTER TABLE ONLY public.posts_globalmarketanalysis
    ADD CONSTRAINT posts_globalmarketanalysis_report_id_key UNIQUE (report_id);


--
-- Name: posts_globalmarketindex posts_globalmarketindex_pkey; Type: CONSTRAINT; Schema: public; Owner: moneygreeks
--

ALTER TABLE ONLY public.posts_globalmarketindex
    ADD CONSTRAINT posts_globalmarketindex_pkey PRIMARY KEY (id);


--
-- Name: posts_indianmarketanalysis posts_indianmarketanalysis_pkey; Type: CONSTRAINT; Schema: public; Owner: moneygreeks
--

ALTER TABLE ONLY public.posts_indianmarketanalysis
    ADD CONSTRAINT posts_indianmarketanalysis_pkey PRIMARY KEY (id);


--
-- Name: posts_indianmarketanalysis posts_indianmarketanalysis_report_id_key; Type: CONSTRAINT; Schema: public; Owner: moneygreeks
--

ALTER TABLE ONLY public.posts_indianmarketanalysis
    ADD CONSTRAINT posts_indianmarketanalysis_report_id_key UNIQUE (report_id);


--
-- Name: posts_indianmarketindex posts_indianmarketindex_pkey; Type: CONSTRAINT; Schema: public; Owner: moneygreeks
--

ALTER TABLE ONLY public.posts_indianmarketindex
    ADD CONSTRAINT posts_indianmarketindex_pkey PRIMARY KEY (id);


--
-- Name: posts_institutionalflow posts_institutionalflow_pkey; Type: CONSTRAINT; Schema: public; Owner: moneygreeks
--

ALTER TABLE ONLY public.posts_institutionalflow
    ADD CONSTRAINT posts_institutionalflow_pkey PRIMARY KEY (id);


--
-- Name: posts_institutionalflowanalysis posts_institutionalflowanalysis_pkey; Type: CONSTRAINT; Schema: public; Owner: moneygreeks
--

ALTER TABLE ONLY public.posts_institutionalflowanalysis
    ADD CONSTRAINT posts_institutionalflowanalysis_pkey PRIMARY KEY (id);


--
-- Name: posts_institutionalflowanalysis posts_institutionalflowanalysis_report_id_key; Type: CONSTRAINT; Schema: public; Owner: moneygreeks
--

ALTER TABLE ONLY public.posts_institutionalflowanalysis
    ADD CONSTRAINT posts_institutionalflowanalysis_report_id_key UNIQUE (report_id);


--
-- Name: posts_marketbreadth posts_marketbreadth_pkey; Type: CONSTRAINT; Schema: public; Owner: moneygreeks
--

ALTER TABLE ONLY public.posts_marketbreadth
    ADD CONSTRAINT posts_marketbreadth_pkey PRIMARY KEY (id);


--
-- Name: posts_marketbreadth posts_marketbreadth_report_id_key; Type: CONSTRAINT; Schema: public; Owner: moneygreeks
--

ALTER TABLE ONLY public.posts_marketbreadth
    ADD CONSTRAINT posts_marketbreadth_report_id_key UNIQUE (report_id);


--
-- Name: posts_marketreport posts_marketreport_pkey; Type: CONSTRAINT; Schema: public; Owner: moneygreeks
--

ALTER TABLE ONLY public.posts_marketreport
    ADD CONSTRAINT posts_marketreport_pkey PRIMARY KEY (id);


--
-- Name: posts_marketreport posts_marketreport_report_date_key; Type: CONSTRAINT; Schema: public; Owner: moneygreeks
--

ALTER TABLE ONLY public.posts_marketreport
    ADD CONSTRAINT posts_marketreport_report_date_key UNIQUE (report_date);


--
-- Name: posts_marketreport posts_marketreport_slug_key; Type: CONSTRAINT; Schema: public; Owner: moneygreeks
--

ALTER TABLE ONLY public.posts_marketreport
    ADD CONSTRAINT posts_marketreport_slug_key UNIQUE (slug);


--
-- Name: posts_newslettersubscriber posts_newslettersubscriber_email_key; Type: CONSTRAINT; Schema: public; Owner: moneygreeks
--

ALTER TABLE ONLY public.posts_newslettersubscriber
    ADD CONSTRAINT posts_newslettersubscriber_email_key UNIQUE (email);


--
-- Name: posts_newslettersubscriber posts_newslettersubscriber_pkey; Type: CONSTRAINT; Schema: public; Owner: moneygreeks
--

ALTER TABLE ONLY public.posts_newslettersubscriber
    ADD CONSTRAINT posts_newslettersubscriber_pkey PRIMARY KEY (id);


--
-- Name: posts_optionchainsummary posts_optionchainsummary_pkey; Type: CONSTRAINT; Schema: public; Owner: moneygreeks
--

ALTER TABLE ONLY public.posts_optionchainsummary
    ADD CONSTRAINT posts_optionchainsummary_pkey PRIMARY KEY (id);


--
-- Name: posts_postmarketreport posts_postmarketreport_pkey; Type: CONSTRAINT; Schema: public; Owner: moneygreeks
--

ALTER TABLE ONLY public.posts_postmarketreport
    ADD CONSTRAINT posts_postmarketreport_pkey PRIMARY KEY (id);


--
-- Name: posts_postmarketreport posts_postmarketreport_report_date_key; Type: CONSTRAINT; Schema: public; Owner: moneygreeks
--

ALTER TABLE ONLY public.posts_postmarketreport
    ADD CONSTRAINT posts_postmarketreport_report_date_key UNIQUE (report_date);


--
-- Name: posts_postmarketreport posts_postmarketreport_slug_key; Type: CONSTRAINT; Schema: public; Owner: moneygreeks
--

ALTER TABLE ONLY public.posts_postmarketreport
    ADD CONSTRAINT posts_postmarketreport_slug_key UNIQUE (slug);


--
-- Name: posts_sectoranalysis posts_sectoranalysis_pkey; Type: CONSTRAINT; Schema: public; Owner: moneygreeks
--

ALTER TABLE ONLY public.posts_sectoranalysis
    ADD CONSTRAINT posts_sectoranalysis_pkey PRIMARY KEY (id);


--
-- Name: posts_sectoranalysis posts_sectoranalysis_report_id_key; Type: CONSTRAINT; Schema: public; Owner: moneygreeks
--

ALTER TABLE ONLY public.posts_sectoranalysis
    ADD CONSTRAINT posts_sectoranalysis_report_id_key UNIQUE (report_id);


--
-- Name: posts_sectorperformance posts_sectorperformance_pkey; Type: CONSTRAINT; Schema: public; Owner: moneygreeks
--

ALTER TABLE ONLY public.posts_sectorperformance
    ADD CONSTRAINT posts_sectorperformance_pkey PRIMARY KEY (id);


--
-- Name: posts_stockmover posts_stockmover_pkey; Type: CONSTRAINT; Schema: public; Owner: moneygreeks
--

ALTER TABLE ONLY public.posts_stockmover
    ADD CONSTRAINT posts_stockmover_pkey PRIMARY KEY (id);


--
-- Name: posts_stockmoveranalysis posts_stockmoveranalysis_pkey; Type: CONSTRAINT; Schema: public; Owner: moneygreeks
--

ALTER TABLE ONLY public.posts_stockmoveranalysis
    ADD CONSTRAINT posts_stockmoveranalysis_pkey PRIMARY KEY (id);


--
-- Name: posts_stockmoveranalysis posts_stockmoveranalysis_report_id_key; Type: CONSTRAINT; Schema: public; Owner: moneygreeks
--

ALTER TABLE ONLY public.posts_stockmoveranalysis
    ADD CONSTRAINT posts_stockmoveranalysis_report_id_key UNIQUE (report_id);


--
-- Name: auth_group_name_a6ea08ec_like; Type: INDEX; Schema: public; Owner: moneygreeks
--

CREATE INDEX auth_group_name_a6ea08ec_like ON public.auth_group USING btree (name varchar_pattern_ops);


--
-- Name: auth_group_permissions_group_id_b120cbf9; Type: INDEX; Schema: public; Owner: moneygreeks
--

CREATE INDEX auth_group_permissions_group_id_b120cbf9 ON public.auth_group_permissions USING btree (group_id);


--
-- Name: auth_group_permissions_permission_id_84c5c92e; Type: INDEX; Schema: public; Owner: moneygreeks
--

CREATE INDEX auth_group_permissions_permission_id_84c5c92e ON public.auth_group_permissions USING btree (permission_id);


--
-- Name: auth_permission_content_type_id_2f476e4b; Type: INDEX; Schema: public; Owner: moneygreeks
--

CREATE INDEX auth_permission_content_type_id_2f476e4b ON public.auth_permission USING btree (content_type_id);


--
-- Name: auth_user_groups_group_id_97559544; Type: INDEX; Schema: public; Owner: moneygreeks
--

CREATE INDEX auth_user_groups_group_id_97559544 ON public.auth_user_groups USING btree (group_id);


--
-- Name: auth_user_groups_user_id_6a12ed8b; Type: INDEX; Schema: public; Owner: moneygreeks
--

CREATE INDEX auth_user_groups_user_id_6a12ed8b ON public.auth_user_groups USING btree (user_id);


--
-- Name: auth_user_user_permissions_permission_id_1fbb5f2c; Type: INDEX; Schema: public; Owner: moneygreeks
--

CREATE INDEX auth_user_user_permissions_permission_id_1fbb5f2c ON public.auth_user_user_permissions USING btree (permission_id);


--
-- Name: auth_user_user_permissions_user_id_a95ead1b; Type: INDEX; Schema: public; Owner: moneygreeks
--

CREATE INDEX auth_user_user_permissions_user_id_a95ead1b ON public.auth_user_user_permissions USING btree (user_id);


--
-- Name: auth_user_username_6821ab7c_like; Type: INDEX; Schema: public; Owner: moneygreeks
--

CREATE INDEX auth_user_username_6821ab7c_like ON public.auth_user USING btree (username varchar_pattern_ops);


--
-- Name: django_admin_log_content_type_id_c4bce8eb; Type: INDEX; Schema: public; Owner: moneygreeks
--

CREATE INDEX django_admin_log_content_type_id_c4bce8eb ON public.django_admin_log USING btree (content_type_id);


--
-- Name: django_admin_log_user_id_c564eba6; Type: INDEX; Schema: public; Owner: moneygreeks
--

CREATE INDEX django_admin_log_user_id_c564eba6 ON public.django_admin_log USING btree (user_id);


--
-- Name: django_session_expire_date_a5c62663; Type: INDEX; Schema: public; Owner: moneygreeks
--

CREATE INDEX django_session_expire_date_a5c62663 ON public.django_session USING btree (expire_date);


--
-- Name: django_session_session_key_c0390e0f_like; Type: INDEX; Schema: public; Owner: moneygreeks
--

CREATE INDEX django_session_session_key_c0390e0f_like ON public.django_session USING btree (session_key varchar_pattern_ops);


--
-- Name: posts_blogpost_education_category_id_d95ab9fd; Type: INDEX; Schema: public; Owner: moneygreeks
--

CREATE INDEX posts_blogpost_education_category_id_d95ab9fd ON public.posts_blogpost USING btree (education_category_id);


--
-- Name: posts_blogpost_slug_5eb842b1_like; Type: INDEX; Schema: public; Owner: moneygreeks
--

CREATE INDEX posts_blogpost_slug_5eb842b1_like ON public.posts_blogpost USING btree (slug varchar_pattern_ops);


--
-- Name: posts_educationcategory_slug_accf8a7b_like; Type: INDEX; Schema: public; Owner: moneygreeks
--

CREATE INDEX posts_educationcategory_slug_accf8a7b_like ON public.posts_educationcategory USING btree (slug varchar_pattern_ops);


--
-- Name: posts_globalmarketindex_report_id_3613f1b8; Type: INDEX; Schema: public; Owner: moneygreeks
--

CREATE INDEX posts_globalmarketindex_report_id_3613f1b8 ON public.posts_globalmarketindex USING btree (report_id);


--
-- Name: posts_indianmarketindex_report_id_ee1bdbe4; Type: INDEX; Schema: public; Owner: moneygreeks
--

CREATE INDEX posts_indianmarketindex_report_id_ee1bdbe4 ON public.posts_indianmarketindex USING btree (report_id);


--
-- Name: posts_institutionalflow_report_id_6535e097; Type: INDEX; Schema: public; Owner: moneygreeks
--

CREATE INDEX posts_institutionalflow_report_id_6535e097 ON public.posts_institutionalflow USING btree (report_id);


--
-- Name: posts_marketreport_slug_5e0fe4e1_like; Type: INDEX; Schema: public; Owner: moneygreeks
--

CREATE INDEX posts_marketreport_slug_5e0fe4e1_like ON public.posts_marketreport USING btree (slug varchar_pattern_ops);


--
-- Name: posts_newslettersubscriber_email_2d3e122b_like; Type: INDEX; Schema: public; Owner: moneygreeks
--

CREATE INDEX posts_newslettersubscriber_email_2d3e122b_like ON public.posts_newslettersubscriber USING btree (email varchar_pattern_ops);


--
-- Name: posts_optionchainsummary_report_id_33ff51fd; Type: INDEX; Schema: public; Owner: moneygreeks
--

CREATE INDEX posts_optionchainsummary_report_id_33ff51fd ON public.posts_optionchainsummary USING btree (report_id);


--
-- Name: posts_postmarketreport_slug_21085273_like; Type: INDEX; Schema: public; Owner: moneygreeks
--

CREATE INDEX posts_postmarketreport_slug_21085273_like ON public.posts_postmarketreport USING btree (slug varchar_pattern_ops);


--
-- Name: posts_sectorperformance_report_id_64b01aaf; Type: INDEX; Schema: public; Owner: moneygreeks
--

CREATE INDEX posts_sectorperformance_report_id_64b01aaf ON public.posts_sectorperformance USING btree (report_id);


--
-- Name: posts_stockmover_report_id_790ae1db; Type: INDEX; Schema: public; Owner: moneygreeks
--

CREATE INDEX posts_stockmover_report_id_790ae1db ON public.posts_stockmover USING btree (report_id);


--
-- Name: auth_group_permissions auth_group_permissio_permission_id_84c5c92e_fk_auth_perm; Type: FK CONSTRAINT; Schema: public; Owner: moneygreeks
--

ALTER TABLE ONLY public.auth_group_permissions
    ADD CONSTRAINT auth_group_permissio_permission_id_84c5c92e_fk_auth_perm FOREIGN KEY (permission_id) REFERENCES public.auth_permission(id) DEFERRABLE INITIALLY DEFERRED;


--
-- Name: auth_group_permissions auth_group_permissions_group_id_b120cbf9_fk_auth_group_id; Type: FK CONSTRAINT; Schema: public; Owner: moneygreeks
--

ALTER TABLE ONLY public.auth_group_permissions
    ADD CONSTRAINT auth_group_permissions_group_id_b120cbf9_fk_auth_group_id FOREIGN KEY (group_id) REFERENCES public.auth_group(id) DEFERRABLE INITIALLY DEFERRED;


--
-- Name: auth_permission auth_permission_content_type_id_2f476e4b_fk_django_co; Type: FK CONSTRAINT; Schema: public; Owner: moneygreeks
--

ALTER TABLE ONLY public.auth_permission
    ADD CONSTRAINT auth_permission_content_type_id_2f476e4b_fk_django_co FOREIGN KEY (content_type_id) REFERENCES public.django_content_type(id) DEFERRABLE INITIALLY DEFERRED;


--
-- Name: auth_user_groups auth_user_groups_group_id_97559544_fk_auth_group_id; Type: FK CONSTRAINT; Schema: public; Owner: moneygreeks
--

ALTER TABLE ONLY public.auth_user_groups
    ADD CONSTRAINT auth_user_groups_group_id_97559544_fk_auth_group_id FOREIGN KEY (group_id) REFERENCES public.auth_group(id) DEFERRABLE INITIALLY DEFERRED;


--
-- Name: auth_user_groups auth_user_groups_user_id_6a12ed8b_fk_auth_user_id; Type: FK CONSTRAINT; Schema: public; Owner: moneygreeks
--

ALTER TABLE ONLY public.auth_user_groups
    ADD CONSTRAINT auth_user_groups_user_id_6a12ed8b_fk_auth_user_id FOREIGN KEY (user_id) REFERENCES public.auth_user(id) DEFERRABLE INITIALLY DEFERRED;


--
-- Name: auth_user_user_permissions auth_user_user_permi_permission_id_1fbb5f2c_fk_auth_perm; Type: FK CONSTRAINT; Schema: public; Owner: moneygreeks
--

ALTER TABLE ONLY public.auth_user_user_permissions
    ADD CONSTRAINT auth_user_user_permi_permission_id_1fbb5f2c_fk_auth_perm FOREIGN KEY (permission_id) REFERENCES public.auth_permission(id) DEFERRABLE INITIALLY DEFERRED;


--
-- Name: auth_user_user_permissions auth_user_user_permissions_user_id_a95ead1b_fk_auth_user_id; Type: FK CONSTRAINT; Schema: public; Owner: moneygreeks
--

ALTER TABLE ONLY public.auth_user_user_permissions
    ADD CONSTRAINT auth_user_user_permissions_user_id_a95ead1b_fk_auth_user_id FOREIGN KEY (user_id) REFERENCES public.auth_user(id) DEFERRABLE INITIALLY DEFERRED;


--
-- Name: django_admin_log django_admin_log_content_type_id_c4bce8eb_fk_django_co; Type: FK CONSTRAINT; Schema: public; Owner: moneygreeks
--

ALTER TABLE ONLY public.django_admin_log
    ADD CONSTRAINT django_admin_log_content_type_id_c4bce8eb_fk_django_co FOREIGN KEY (content_type_id) REFERENCES public.django_content_type(id) DEFERRABLE INITIALLY DEFERRED;


--
-- Name: django_admin_log django_admin_log_user_id_c564eba6_fk_auth_user_id; Type: FK CONSTRAINT; Schema: public; Owner: moneygreeks
--

ALTER TABLE ONLY public.django_admin_log
    ADD CONSTRAINT django_admin_log_user_id_c564eba6_fk_auth_user_id FOREIGN KEY (user_id) REFERENCES public.auth_user(id) DEFERRABLE INITIALLY DEFERRED;


--
-- Name: posts_blogpost posts_blogpost_education_category_i_d95ab9fd_fk_posts_edu; Type: FK CONSTRAINT; Schema: public; Owner: moneygreeks
--

ALTER TABLE ONLY public.posts_blogpost
    ADD CONSTRAINT posts_blogpost_education_category_i_d95ab9fd_fk_posts_edu FOREIGN KEY (education_category_id) REFERENCES public.posts_educationcategory(id) DEFERRABLE INITIALLY DEFERRED;


--
-- Name: posts_globalmarketanalysis posts_globalmarketan_report_id_b21442a8_fk_posts_mar; Type: FK CONSTRAINT; Schema: public; Owner: moneygreeks
--

ALTER TABLE ONLY public.posts_globalmarketanalysis
    ADD CONSTRAINT posts_globalmarketan_report_id_b21442a8_fk_posts_mar FOREIGN KEY (report_id) REFERENCES public.posts_marketreport(id) DEFERRABLE INITIALLY DEFERRED;


--
-- Name: posts_globalmarketindex posts_globalmarketin_report_id_3613f1b8_fk_posts_mar; Type: FK CONSTRAINT; Schema: public; Owner: moneygreeks
--

ALTER TABLE ONLY public.posts_globalmarketindex
    ADD CONSTRAINT posts_globalmarketin_report_id_3613f1b8_fk_posts_mar FOREIGN KEY (report_id) REFERENCES public.posts_marketreport(id) DEFERRABLE INITIALLY DEFERRED;


--
-- Name: posts_indianmarketanalysis posts_indianmarketan_report_id_cc963505_fk_posts_mar; Type: FK CONSTRAINT; Schema: public; Owner: moneygreeks
--

ALTER TABLE ONLY public.posts_indianmarketanalysis
    ADD CONSTRAINT posts_indianmarketan_report_id_cc963505_fk_posts_mar FOREIGN KEY (report_id) REFERENCES public.posts_marketreport(id) DEFERRABLE INITIALLY DEFERRED;


--
-- Name: posts_indianmarketindex posts_indianmarketin_report_id_ee1bdbe4_fk_posts_mar; Type: FK CONSTRAINT; Schema: public; Owner: moneygreeks
--

ALTER TABLE ONLY public.posts_indianmarketindex
    ADD CONSTRAINT posts_indianmarketin_report_id_ee1bdbe4_fk_posts_mar FOREIGN KEY (report_id) REFERENCES public.posts_marketreport(id) DEFERRABLE INITIALLY DEFERRED;


--
-- Name: posts_institutionalflowanalysis posts_institutionalf_report_id_478b88f8_fk_posts_mar; Type: FK CONSTRAINT; Schema: public; Owner: moneygreeks
--

ALTER TABLE ONLY public.posts_institutionalflowanalysis
    ADD CONSTRAINT posts_institutionalf_report_id_478b88f8_fk_posts_mar FOREIGN KEY (report_id) REFERENCES public.posts_marketreport(id) DEFERRABLE INITIALLY DEFERRED;


--
-- Name: posts_institutionalflow posts_institutionalf_report_id_6535e097_fk_posts_mar; Type: FK CONSTRAINT; Schema: public; Owner: moneygreeks
--

ALTER TABLE ONLY public.posts_institutionalflow
    ADD CONSTRAINT posts_institutionalf_report_id_6535e097_fk_posts_mar FOREIGN KEY (report_id) REFERENCES public.posts_marketreport(id) DEFERRABLE INITIALLY DEFERRED;


--
-- Name: posts_marketbreadth posts_marketbreadth_report_id_56b0965e_fk_posts_marketreport_id; Type: FK CONSTRAINT; Schema: public; Owner: moneygreeks
--

ALTER TABLE ONLY public.posts_marketbreadth
    ADD CONSTRAINT posts_marketbreadth_report_id_56b0965e_fk_posts_marketreport_id FOREIGN KEY (report_id) REFERENCES public.posts_marketreport(id) DEFERRABLE INITIALLY DEFERRED;


--
-- Name: posts_optionchainsummary posts_optionchainsum_report_id_33ff51fd_fk_posts_mar; Type: FK CONSTRAINT; Schema: public; Owner: moneygreeks
--

ALTER TABLE ONLY public.posts_optionchainsummary
    ADD CONSTRAINT posts_optionchainsum_report_id_33ff51fd_fk_posts_mar FOREIGN KEY (report_id) REFERENCES public.posts_marketreport(id) DEFERRABLE INITIALLY DEFERRED;


--
-- Name: posts_sectoranalysis posts_sectoranalysis_report_id_52c3ee96_fk_posts_mar; Type: FK CONSTRAINT; Schema: public; Owner: moneygreeks
--

ALTER TABLE ONLY public.posts_sectoranalysis
    ADD CONSTRAINT posts_sectoranalysis_report_id_52c3ee96_fk_posts_mar FOREIGN KEY (report_id) REFERENCES public.posts_marketreport(id) DEFERRABLE INITIALLY DEFERRED;


--
-- Name: posts_sectorperformance posts_sectorperforma_report_id_64b01aaf_fk_posts_mar; Type: FK CONSTRAINT; Schema: public; Owner: moneygreeks
--

ALTER TABLE ONLY public.posts_sectorperformance
    ADD CONSTRAINT posts_sectorperforma_report_id_64b01aaf_fk_posts_mar FOREIGN KEY (report_id) REFERENCES public.posts_marketreport(id) DEFERRABLE INITIALLY DEFERRED;


--
-- Name: posts_stockmover posts_stockmover_report_id_790ae1db_fk_posts_marketreport_id; Type: FK CONSTRAINT; Schema: public; Owner: moneygreeks
--

ALTER TABLE ONLY public.posts_stockmover
    ADD CONSTRAINT posts_stockmover_report_id_790ae1db_fk_posts_marketreport_id FOREIGN KEY (report_id) REFERENCES public.posts_marketreport(id) DEFERRABLE INITIALLY DEFERRED;


--
-- Name: posts_stockmoveranalysis posts_stockmoveranal_report_id_53fdf8bd_fk_posts_mar; Type: FK CONSTRAINT; Schema: public; Owner: moneygreeks
--

ALTER TABLE ONLY public.posts_stockmoveranalysis
    ADD CONSTRAINT posts_stockmoveranal_report_id_53fdf8bd_fk_posts_mar FOREIGN KEY (report_id) REFERENCES public.posts_marketreport(id) DEFERRABLE INITIALLY DEFERRED;


--
-- PostgreSQL database dump complete
--

